Employee ID,Employee Name,Gender,Email,Band,Date Of Joining,Status,Contact No.,Reporting Manager,Reportees,Tech Area,Project info,\n
14121,SUDHARANI PILLAI,F,sudharani@thundersoft.com,Vice President,01-08-2018,Active,9822561334,,NIL,NIL,NIL,\n
210001,SACHIN BHAYARE,M,sachin@thundersoft.com,E5,01-08-2018,Active,9822561335,SUDHARANI PILLAI  [014121],NIL,C - DS -OS  GIT ADB Python,MICRON,\n
210002,ANURADHA KORRAPATI,F,anuradha@thundersoft.com,E5,06-08-2018,Active,9822561336,SUDHARANI PILLAI  [014121],NIL,C - DS -OS  GIT,QC-HYD,\n
210004,GODE VENKATARAMANA,M,venkat@thundersoft.com,E4,03-09-2018,Active,9822561337,LOKESH KUMAR   [0210019],NIL,C - DS -OS  GIT  ADB Python,QC-HYD,\n
210005,AVINASH GUPTA,M,avinash.gupta@thundersoft.com,E2,03-09-2018,Resignation,9822561338,SHANTHI SINDHU   [0210030],NIL,C - DS -OS   GIT  ADB Python Perl,MICRON,\n
210007,PARCHURI VIJAYA JAYASHREE,F,vijaya.jayashree@thundersoft.com,E2,03-09-2018,Resignation,9822561339,SACHIN BHAYARE   [0210001],SACHIN BHAYARE   [0210001],C - DS -OS  GIT  ADB Python Modem Basics embedded concepts in DD,QC-BANG,\n
210008,SHIVA KUMAR JAYARAMAN,M,shiva.jayaraman@thundersoft.com,E1 ,03-09-2018,Resignation,9822561340,MAHENDER MUDUPU   [0210031],SIVARAM KUPPA   [0210110],C - DS -OS   GIT,MICRON,\n
210009,SURENDRA PRAJAPATI,M,surendra.prajapati@thundersoft.com,E2,03-09-2018,Resignation,9822561341,SHANTHI SINDHU   [0210030],AKELLA PRASANNA KUMAR [0210108],C - DS -OS   GIT,QC-HYD,\n
210010,DAGGULA AMANIREDDY,M,amani.reddy@thundersoft.com,E2,10-09-2018,Suspension,9822561342,MONIKA ALEKHYA BOMMISETTI   [0210149],KALYANI POLEPEDDY   [0210167],C - DS -OS  Basic LDD GIT  Audio,MICRON,\n
210011,VISWANADHAPALLI  NAGABABU,M,nagababu.v@thundersoft.com,E2,10-09-2018,Resignation,9822561343,MAHENDER MUDUPU   [0210031],VAGEESWARI PANCHAGNULA   [0210151],C - DS -OS  GIT,MICRON,\n
210013,V V S PAVAN KUMAR,M,pavan.kumar@thundersoft.com,E1 ,10-09-2018,Resignation,9822561344,SACHIN BHAYARE   [0210001],Ravi Kumar Gupta  [0210289],C - DS -OS  GIT,QC Reqs ,\n
210014,HARDIK SURESHBHAI MADHVANI,M,hardik.madhvani@thundersoft.com,E1,10-09-2018,Resignation,9822561345,SHANTHI SINDHU   [0210030],BALARAMU NAIDU   [0210058],C - DS -OS  GIT,MICRON,\n
210015,SNIGDHA UPADHYAY,F,snigdha.upadhyay@thundersoft.com,E2,10-09-2018,Resignation,9822561346,ANURAG SHARMA   [0210148],DURYODANULA ANIL KUMAR   [0210088],C - DS -OS  ADB GIT Basic LDD,MICRON,\n
210016,SRIKANTH MUCHARLA,M,srikanth.mucharla@thundersoft.com,E3,14-09-2018,Resignation,9822561347,SACHIN BHAYARE   [0210001],SOUMYA RANJAN SUTAR   [0210169],C - DS -OS  GIT,QC-HYD,\n
210017,CHANDRIKA S,F,chandrika.s@thundersoft.com,E1,14-09-2018,Resignation,9822561348,VIKAS REDDY   [0210022],KARNATI NAGESWARA REDDY [0210171],C - DS -OS  GIT,Visteon Audio,\n
210019,LOKESH KUMAR,M,lokesh@thundersoft.com,E5,20-09-2018,Active,9822561349,SUDHARANI PILLAI  [014121],CHINTALA YOUGHANDHAR   [0210189],C - DS -OS  GIT,QC-HYD,\n
210021,RAJI REDDY KANDI,F,raji.reddy@thundersoft.com,E3,20-09-2018,Resignation,9822561350,SACHIN BHAYARE   [0210001],BATHULA TULASI MAHALAKSHMI  [0210317],C - DS -OS ADB GIT Basic LDD Audio,QC-REQS ,\n
210022,VIKAS REDDY,M,vikas.pachika@thundersoft.com,E3,03-10-2018,Active,9822561351,SACHIN BHAYARE   [0210001],SACHIN BHAYARE   [0210001],C - DS -OS  GIT,MICRON,\n
210023,SRIVALLI OGURI,F,srivalli.oguri@thundersoft.com,E3 ,03-10-2018,Active,9822561352,TELLAPATI REDDAIAH   [0210154],VIJAY KRISHNA NIVARTHI   [0210212],C - DS -OS  GIT,MICRON,\n
210026,HEMANTH KALPAVAI,M,hemanth.k@thundersoft.com,E2,03-10-2018,Resignation,9822561353,DURYODANULA ANIL KUMAR   [0210088],Ravi Kumar Gupta  [0210289],C - DS -OS  ADB GIT Basic LDD Camera,Onboarded,\n
210027,JITENDRA BHAGVAN THAKER,M,Jitendra.thakare@thundersoft.com,E1,08-10-2018,Resignation,9822561354,VIKAS REDDY   [0210022],SOUMYA RANJAN SUTAR   [0210169],C - DS -OS  GIT,Visteon Audio,\n
210028,ANIL KUMAR NELGI,M,anil.nelgi@thundersoft.com,E5,10-10-2018,Resignation,9822561355,SIVARAM KUPPA   [0210110],KALYANI POLEPEDDY   [0210167],C - DS -OS  GIT,AMD-HYD,\n
210030,SHANTHI SINDHU,F,santhi.sindhu@thundersoft.com,E3 ,24-10-2018,Active,9822561356,SIVARAM KUPPA   [0210110],FARIDA M   [0210179],C - DS -OS  GIT ADB Python,MICRON,\n
210031,MAHENDER MUDUPU,M,mahender.reddy@thundersoft.com,E3,24-10-2018,Active,9822561357,VIJAY KRISHNA NIVARTHI   [0210212],VAGEESWARI PANCHAGNULA   [0210151],C - DS -OS  GIT,Mavenir,\n
210032,SUDARSHAN REDDY,M,sudarshan.reddy@thundersoft.com,E2,29-10-2018,Active,9822561358,SRIKANTH CHATRADIPALLI   [0210055],KARNATI NAGESWARA REDDY [0210171],C - DS -OS  GIT  ADB Python,Soumya's ODC,\n
210033,ISHA PADIYAR,F,isha.padiyar@thundersoft.com,E1,29-10-2018,Resignation,9822561359,ANURAG SHARMA   [0210148],SIVARAM KUPPA   [0210110],C - DS -OS   GIT  ADB Python Perl,Training,\n
210034,SOHAIL HOQUE,M,sohail.hoque@thundersoft.com,E2,29-10-2018,Resignation,9822561360,SIVARAM KUPPA   [0210110],AKELLA PRASANNA KUMAR [0210108],C - DS -OS  GIT  ADB Python Modem Basics embedded concepts in DD,Visteon Audio,\n
210035,G ARUN KUMAR,M,arun.kumar@thundersoft.com,E1,29-10-2018,Active,9822561361,VIJAY KRISHNA NIVARTHI   [0210212],DURYODANULA ANIL KUMAR   [0210088],C - DS -OS   GIT,Onboarded,\n
210036,K VAMSI KUMAR REDDY,M,vamsi.kumar@thundersoft.com,E1,29-10-2018,Resignation,9822561362,FARIDA M   [0210179],BALARAMU NAIDU   [0210058],C - DS -OS   GIT,MICRON,\n
210037,NAGA DHEERAJ KURAPATI,M,dheeraj.kurapati@thundersoft.com,E2,29-10-2018,Resignation,9822561363,SHANTHI SINDHU   [0210030],FARIDA M   [0210179],C - DS -OS  Basic LDD GIT  Audio,MICRON,\n
210038,PILLANAGROVILA PRASHANTH YADAV,M,prashanth.yadav@thundersoft.com,E2,29-10-2018,Suspension,9822561364,MONIKA ALEKHYA BOMMISETTI   [0210149],SIVARAM KUPPA   [0210110],C - DS -OS  GIT,QC-HYD,\n
210039,SHAIK SAJIDA BHANU,F,sajida.bhanu@thundersoft.com,E1,29-10-2018,Resignation,9822561365,BALARAMU NAIDU   [0210058],DURYODANULA ANIL KUMAR   [0210088],C - DS -OS  GIT,MICRON,\n
210040,T SUNEEL KUMAR,M,suneel.kumar@thundersoft.com,E2,29-10-2018,Resignation,9822561366,ANURAG SHARMA   [0210148],BALARAMU NAIDU   [0210058],C - DS -OS  GIT,QC-HYD,\n
210042,MOHAMMED RIZWAN,M,md.rizwan@thundersoft.com,E3,05-11-2018,Active,9822561367,ASISH RANJAN MUNI   [0210100],BATHULA TULASI MAHALAKSHMI  [0210317],C - DS -OS  ADB GIT Basic LDD,QC-HYD,\n
210043,HARSHIT AGARWAL,M,harshit.agarwal@thundersoft.com,E1,05-11-2018,Resignation,9822561368,VIKAS REDDY   [0210022],FARIDA M   [0210179],C - DS -OS  GIT,MICRON,\n
210044,NAVYA CHALLAGULLA,F,navya.challagulla@thundersoft.com,E1,05-11-2018,Resignation,9822561369,SRIKANTH CHATRADIPALLI   [0210055],VAGEESWARI PANCHAGNULA   [0210151],C - DS -OS  GIT,QC-BANG,\n
210045,RAKESH VARKOLU,M,rakesh.varkolu@thundersoft.com,E1,05-11-2018,Resignation,9822561370,SHANTHI SINDHU   [0210030],BALARAMU NAIDU   [0210058],C - DS -OS  GIT,MICRON,\n
210047,NITESH VEERA MADISETTY,M,nitesh.madisetty@thundersoft.com,E1,08-11-2018,Resignation,9822561371,RAJ KUMAR THAVTI  [0210298],AKELLA PRASANNA KUMAR [0210108],C - DS -OS ADB GIT Basic LDD Audio,QC-HYD,\n
210049,KUSAKUMAR PUNNANA,M,kusa.kumar@thundersoft.com,E3,13-11-2018,Active,9822561372,ANURAG SHARMA   [0210148],KALYANI POLEPEDDY   [0210167],C - DS -OS  GIT,MICRON,\n
210050,PRADNYA DAHIWALE,F,pradnya.dahiwale@thundersoft.com,E2,14-11-2018,Resignation,9822561373,VIKAS REDDY   [0210022],FARIDA M   [0210179],C - DS -OS  GIT,MICRON,\n
210051,VINEETA SINGH,F,vineeta.singh@thundersoft.com,E2,19-11-2018,Resignation,9822561374,ANURAG SHARMA   [0210148],SACHIN BHAYARE   [0210001],C - DS -OS  ADB GIT Basic LDD Camera,QC Reqs ,\n
210052,VASAVI KANDIKATTU,F,vasavi.kandikattu@thundersoft.com,E2,19-11-2018,Active,9822561375,SRIKANTH CHATRADIPALLI   [0210055],KALYANI POLEPEDDY   [0210167],C - DS -OS  GIT,MICRON,\n
210053,SAMMAI CHAKRAVARTHY,F,sammai.chakravarthy@thundersoft.com,E1,19-11-2018,Active,9822561376,SRIVALLI OGURI   [0210023],AKELLA PRASANNA KUMAR [0210108],C - DS -OS  GIT,MICRON,\n
210054,SAI SASANK VEMPATY,M,saisasank.vempaty@thundersoft.com,E2,19-11-2018,Resignation,9822561377,SRIVALLI OGURI   [0210023],FARIDA M   [0210179],C - DS -OS  GIT ADB Python,QC-HYD,\n
210055,SRIKANTH CHATRADIPALLI,M,srikanth.chatradipalli@thundersoft.com,E2,19-11-2018,Active,9822561378,SUDHARANI PILLAI  [014121],DURYODANULA ANIL KUMAR   [0210088],C - DS -OS  GIT,Visteon Audio,\n
210056,VANGALA PAVAN KUMAR,M,pavan.vangala@thundersoft.com,E1,20-11-2018,Active,9822561379,SACHIN BHAYARE   [0210001],BATHULA TULASI MAHALAKSHMI  [0210317],C - DS -OS  GIT  ADB Python,QC-HYD,\n
210057,REDDESWARAMMA CHITIPIREDDY,F,reddeswari.c@thundersoft.com,E2,27-11-2018,Resignation,9822561380,BALARAMU NAIDU   [0210058],BALARAMU NAIDU   [0210058],C - DS -OS   GIT  ADB Python Perl,QC-REQS ,\n
210058,BALARAMU NAIDU,M,balaram.naidu@thundersoft.com,E5,03-12-2018,Active,9822561381,SUDHARANI PILLAI  [014121],BATHULA TULASI MAHALAKSHMI  [0210317],C - DS -OS  GIT  ADB Python Modem Basics embedded concepts in DD,MICRON,\n
210059,VENKATA PAVAN KUMAR KARRI,M,pavan.karri@thundersoft.com,E5,03-12-2018,Active,9822561382,ANURADHA KORRAPATI   [0210002],KALYANI POLEPEDDY   [0210167],C - DS -OS   GIT,MICRON,\n
210060,SWAPNA DEVI POKURI,F,swapna.pokuri@thundersoft.com,E3,03-12-2018,Active,9822561383,ANURAG SHARMA   [0210148],SACHIN BHAYARE   [0210001],C - DS -OS   GIT,Onboarded,\n
210061,RAMULU AKARAPU,M,ramulu.akarapu@thundersoft.com,E2,04-12-2018,Active,9822561384,BATHULA TULASI MAHALAKSHMI  [0210317],FARIDA M   [0210179],C - DS -OS  Basic LDD GIT  Audio,Visteon Audio,\n
210065,SHASHANK REDDY,M,shashank.reddy@thundersoft.com,E3,17-12-2018,Active,9822561385,CHINTALA YOUGHANDHAR   [0210189],VAGEESWARI PANCHAGNULA   [0210151],C - DS -OS  GIT,AMD-HYD,\n
210067,CHAPPA KISHOR,M,kishor.chappa@thundersoft.com,E1,27-12-2018,Active,9822561386,SRIVALLI OGURI   [0210023],KALYANI POLEPEDDY   [0210167],C - DS -OS  GIT,MICRON,\n
210068,MAHESWARA SARMA,F,maheswara.sarma@thundersoft.com,E2,31-12-2018,Resignation,9822561387,SRIVALLI OGURI   [0210023],AKELLA PRASANNA KUMAR [0210108],C - DS -OS  GIT,Mavenir,\n
210070,SIVAKUMAR CHIKKALA,M,siva.chikkala@thundersoft.com,E1,03-01-2019,Resignation,9822561388,SIVARAM KUPPA   [0210110],SACHIN BHAYARE   [0210001],C - DS -OS  ADB GIT Basic LDD,Soumya's ODC,\n
210072,RAVI KUMAR BOKKA,M,ravi.bokka@thundersoft.com,E3,07-01-2019,Active,9822561389,KARNATI NAGESWARA REDDY [0210171],DURYODANULA ANIL KUMAR   [0210088],C - DS -OS  GIT,Training,\n
210073,SHAIKH SHADUL A KARIM,M,shadul.shaikh@thundersoft.com,E3,21-01-2019,Resignation,9822561390,SACHIN BHAYARE   [0210001],BALARAMU NAIDU   [0210058],C - DS -OS  GIT,Visteon Audio,\n
210074,M SANDEEP,M,sandeep.maheswaram@thundersoft.com,E3,23-01-2019,Suspension,9822561391,BALARAMU NAIDU   [0210058],VAGEESWARI PANCHAGNULA   [0210151],C - DS -OS  GIT,Onboarded,\n
210076,MALA SRINIVAS,M,mala@thundersoft.com,E5,16-12-2019,Active,9822561392,ANURADHA KORRAPATI   [0210002],FARIDA M   [0210179],C - DS -OS ADB GIT Basic LDD Audio,MICRON,\n
210077,MANASA SANDHIREDDY,F,manasa.sandireddy@thundersoft.com,E1,04-02-2019,Active,9822561393,DURYODANULA ANIL KUMAR   [0210088],SACHIN BHAYARE   [0210001],C - DS -OS  GIT,MICRON,\n
210078,SRINIVASAREDDY MALLIDI,M,srinivasa.mallidi@thundersoft.com,E3,05-02-2019,Resignation,9822561394,DURYODANULA ANIL KUMAR   [0210088],SACHIN BHAYARE   [0210001],C - DS -OS  GIT,Visteon Audio,\n
210079,NAGA SUJATHA,F,naga.sujatha@thundersoft.com,E3,06-02-2019,Active,9822561395,AKELLA PRASANNA KUMAR [0210108],VAGEESWARI PANCHAGNULA   [0210151],C - DS -OS  ADB GIT Basic LDD Camera,resigned,\n
210080,TEJA VENKATA RAMANA CHITIKELA,M,teja.chitikela@thundersoft.com,E3,11-02-2019,Resignation,9822561396,BALARAMU NAIDU   [0210058],KALYANI POLEPEDDY   [0210167],C - DS -OS  GIT,Visteon Audio,\n
210081,NAZIA JABEEN,F,nazia.jabeen@thundersoft.com,E2,11-02-2019,Active,9822561397,MOHAMMED RIZWAN   [0210042],SRIKANTH CHATRADIPALLI   [0210055],C - DS -OS  GIT,resigned,\n
210082,NALLI SUDHAKAR,M,sudhakar.nalli@thundersoft.com,E2,18-02-2019,Active,9822561398,CHINTALA YOUGHANDHAR   [0210189],KALYANI POLEPEDDY   [0210167],C - DS -OS  Basic LDD Audio Video,Micron,\n
210083,CHINTA V B V CHAKRAVARTI,M,chakravarthi.chinta@thundersoft.com,E3,18-02-2019,Active,9822561399,BATHULA TULASI MAHALAKSHMI  [0210317],SACHIN BHAYARE   [0210001],C - DS -OS  Basic LDD  Audio,Bench,\n
210084,MOHD IRFAN,M,irfan.md@thundersoft.com,E2,20-02-2019,Active,9822561400,MOHAMMED RIZWAN   [0210042],SIDDALINGESH KOOSALAPUR   [0210194],C - DS -OS  Basic LDD,QC-HYD,\n
210086,SHRIVAS ANSHUL RAMKUMAR,M,anshul.shrivas@thundersoft.com,E1,04-03-2019,Resignation,9822561401,SIVARAM KUPPA   [0210110],SIVARAM KUPPA   [0210110],C - DS -OS  Basic LDD  Audio,QC-HYD,\n
210087,M NANDA GOPAL,M,nandagopal.mopidevi@thundersoft.com,E1,01-07-2019,Active,9822561402,Ravi Kumar Gupta  [0210289],VAGEESWARI PANCHAGNULA   [0210151],C - DS -OS  Jenkins Pyth Perl B&I,resigned,\n
210088,DURYODANULA ANIL KUMAR,M,anil.duryodanula@thundersoft.Com,E4,14-03-2019,Active,9822561403,BATHULA TULASI MAHALAKSHMI  [0210317],Ashok Phour  [0210309],C - DS -OS  Basic LDD,Mavenir,\n
210089,YARUBANDI ROJA RANI,F,rojarani.y@thundersoft.com,E3,18-03-2019,Resignation,9822561404,BALARAMU NAIDU   [0210058],SHANTHI SINDHU   [0210030],C - DS -OS  Basic LDD  BSP,QC-HYD,\n
210090,JANA TULASI NAGA DURGA,F,tulasi.jana@thundersoft.com,E1,18-03-2019,Resignation,9822561405,SRIKANTH CHATRADIPALLI   [0210055],SACHIN BHAYARE   [0210001],C - DS -OS  Basic LDD,resigned,\n
210091,D KEERTHI PRIYA,F,keerthi.doppalapudi@thundersoft.com,E1,25-03-2019,Active,9822561406,SRIKANTH CHATRADIPALLI   [0210055],VIKAS REDDY   [0210022],C - DS -OS  Basic LDD,resigned,\n
210092,SHAIK MANSUR ALISHA,M,mansur.alisha@thundersoft.com,E2,01-04-2019,Resignation,9822561407,BALARAMU NAIDU   [0210058],KALYANI POLEPEDDY   [0210167],C - DS -OS ADB GIT Basic LDD Audio,Onboarded,\n
210093,SUNKARA KISHORE,M,kishore.sunkara@thundersoft.com,E3,09-04-2019,Suspension,9822561408,SIVARAM KUPPA   [0210110],SIDDALINGESH KOOSALAPUR   [0210194],C - DS -OS  GIT,resigned,\n
210095,SHAIK MEHTAB,M,mehtab.shaik@thundersoft.com,E3,22-04-2019,Active,9822561409,ANURAG SHARMA   [0210148],SHANTHI SINDHU   [0210030],C - DS -OS  GIT,Onboarded,\n
210097,GUDE RAVICHAND,M,ravichand.gude@thundersoft.com,E2,06-05-2019,Active,9822561410,CHINTA V B V CHAKRAVARTI   [0210083],SRIKANTH CHATRADIPALLI   [0210055],C - DS -OS  ADB GIT Basic LDD Camera,Visteon Audio,\n
210098,VENKATA MANASA KAKARLA,F,manasa.kakarla@thundersoft.com,E2,13-05-2019,Resignation,9822561411,MOHAMMAD JOHNY SHAIK   [0210197],VIKAS REDDY   [0210022],C - DS -OS  GIT,QC-HYD,\n
210100,ASISH RANJAN MUNI,M,asish.ranjan@thundersoft.com,E4,24-05-2019,Active,9822561412,AKELLA PRASANNA KUMAR [0210108],SACHIN BHAYARE   [0210001],C - DS -OS  GIT,resigned,\n
210101,KISAN DUDHANATH YADAV,M,kisan.dudhanath@thundersoft.com,E2,03-06-2019,Active,9822561413,SIVARAM KUPPA   [0210110],SIDDALINGESH KOOSALAPUR   [0210194],C - DS -OS  Basic LDD Audio Video,Visteon Audio,\n
210102,BHUVANESHWARI BALAGAR,F,bhuvaneshwari.balagar@thundersoft.com,E2,03-06-2019,Active,9822561414,TELLAPATI REDDAIAH   [0210154],Ashok Phour  [0210309],C - DS -OS  Basic LDD  Audio,Mavenir,\n
210103,CHANDAN,M,chandan@thundersoft.com,E2,03-06-2019,Active,9822561415,VIKAS REDDY   [0210022],VAGEESWARI PANCHAGNULA   [0210151],C - DS -OS  Basic LDD,Visteon Audio,\n
210104,KAKITAPALLI SATYA PRIYA,F,satya.kakitapalli@thundersoft.com,E2,03-06-2019,Active,9822561416,VIJAY KRISHNA NIVARTHI   [0210212],SHANTHI SINDHU   [0210030],C - DS -OS  Basic LDD  Audio,Micron,\n
210105,PALLAVI DEVIDAS SONEKAR,F,pallavi.devidas@thundersoft.com,E2,03-06-2019,Active,9822561417,SOUMYA RANJAN SUTAR   [0210169],SRIKANTH CHATRADIPALLI   [0210055],C - DS -OS  Jenkins Pyth Perl B&I,QC-HYD,\n
210106,GAADE ANTHONY ASHOK REDDY,M,ashok.gaade@thundersoft.com,E2,03-06-2019,Active,9822561418,KARNATI NAGESWARA REDDY [0210171],SIVARAM KUPPA   [0210110],C - DS -OS  Basic LDD,QC-HYD,\n
210107,KAMBLE RAJESHWARI RAVINDRA,F,rajeshwari.kamble@thundersoft.com,E2,03-06-2019,Active,9822561419,RAVI KUMAR BOKKA   [0210072],SACHIN BHAYARE   [0210001],C - DS -OS  Basic LDD  BSP,Team Change,\n
210108,AKELLA PRASANNA KUMAR,F,prasanna.akella@thundersoft.com,E5,07-06-2019,Active,9822561420,SUDHARANI PILLAI  [014121],KALYANI POLEPEDDY   [0210167],C - DS -OS  Basic LDD,Onboarded,\n
210109,NIKHIL VIHAR BOYAPATI,M,nikhil.boyapati@thundersoft.com,E3,17-06-2019,Active,9822561421,BATHULA TULASI MAHALAKSHMI  [0210317],Ashok Phour  [0210309],C - DS -OS  Basic LDD,QC-HYD,\n
210110,SIVARAM KUPPA,M,sivaram.kuppa@thundersoft.com,E5,27-06-2019,Active,9822561422,SUDHARANI PILLAI  [014121],VAGEESWARI PANCHAGNULA   [0210151],C - DS -OS ADB GIT Basic LDD Audio,Mavenir,\n
210111,SUGANYA ARAVAZHI,F,suganya.aravazhi@thundersoft.com,E5,01-07-2019,Active,9822561423,ANURADHA KORRAPATI   [0210002],Ashok Phour  [0210309],C - DS -OS  GIT,Visteon Audio,\n
210112,NITESH KUMAR YADAV,M,nitesh.yadav@thundersoft.com,E3,01-07-2019,Active,9822561424,AKELLA PRASANNA KUMAR [0210108],SRIKANTH CHATRADIPALLI   [0210055],C - DS -OS  GIT,Visteon Audio,\n
210113,MANGALARAM SURESH KUMAR,M,suresh.mangalaram@thundersoft.com,E6,02-01-2020,Termination,9822561425,DURYODANULA ANIL KUMAR   [0210088],SACHIN BHAYARE   [0210001],C - DS -OS  ADB GIT Basic LDD Camera,Team Change,\n
210114,MUNAGALA SUMALATHA,F,sumalatha.munagala@thundersoft.com,E1,02-01-2020,Termination,9822561426,DURYODANULA ANIL KUMAR   [0210088],KALYANI POLEPEDDY   [0210167],C - DS -OS  GIT,QC-HYD,\n
210115,AYESHU SHARMA,F,ayeshu.sharma@thundersoft.com,E1,02-07-2019,Active,9822561427,SRIVALLI OGURI   [0210023],SIDDALINGESH KOOSALAPUR   [0210194],C - DS -OS  GIT,resigned,\n
210116,KADALI VENKATA SURYA SATYA SAI SIRISHA,F,sirisha.kadali@thundersoft.com,E1,03-07-2019,Active,9822561428,SRIVALLI OGURI   [0210023],SIVARAM KUPPA   [0210110],C - DS -OS  Basic LDD Audio Video,Onboarded,\n
210117,PATIL RAJESH REDDY,M,rajesh.patil@thundersoft.com,E2,03-07-2019,Resignation,9822561429,TEJA VENKATA RAMANA CHITIKELA   [0210080],Ashok Phour  [0210309],C - DS -OS  Basic LDD  Audio,Team Change,\n
210118,PASAM DHAMINI,F,dhamini.pasam@thundersoft.com,E2,03-07-2019,Resignation,9822561430,VAGEESWARI PANCHAGNULA   [0210151],SRIKANTH CHATRADIPALLI   [0210055],C - DS -OS  Basic LDD,resigned,\n
210119,PIPPALA DURGAMANIKANTA,F,durgamanikanta.pippala@thundersoft.com,E2,08-07-2019,Resignation,9822561431,VIKAS REDDY   [0210022],SHANTHI SINDHU   [0210030],C - DS -OS  Basic LDD  Audio,resigned,\n
210120,MOKARA VEERA VENKATA LAKSHMI PRASANNA,F,prasanna.mokara@thundersoft.com,E2,08-07-2019,Active,9822561432,BATHULA TULASI MAHALAKSHMI  [0210317],ASISH RANJAN MUNI   [0210100],C - DS -OS  Jenkins Pyth Perl B&I,resigned,\n
210121,T.BHARATH BHARADWAJ,M,bharath.bharadwarj@thundersoft.com,E2,08-07-2019,Resignation,9822561433,SRIKANTH CHATRADIPALLI   [0210055],SACHIN BHAYARE   [0210001],C - DS -OS  Basic LDD,QC-HYD,\n
210122,NARENDRA BABU KOPPERA,M,narendra.koppera@thundersoft.com,E1,23-07-2019,Active,9822561434,MOHAMMED RIZWAN   [0210042],SIDDALINGESH KOOSALAPUR   [0210194],C - DS -OS  Basic LDD  BSP,resigned,\n
210124,YASARAM ANURADHA,M,anuradha.yasaram@thundersoft.com,E2,15-07-2019,Active,9822561435,DURYODANULA ANIL KUMAR   [0210088],SIDDALINGESH KOOSALAPUR   [0210194],C - DS -OS  Basic LDD,Visteon Audio,\n
210125,HARENDRA GAUTAM,M,harendra.gautam@thundersoft.com,E1,18-07-2019,Resignation,9822561436,SIVARAM KUPPA   [0210110],SRIKANTH CHATRADIPALLI   [0210055],C - DS -OS  Basic LDD,Bench,\n
210126,MULA YOGYA,F,yogya.mula@thundersoft.com,E1,22-07-2019,Resignation,9822561437,ANURADHA BATHINA   [0210187],VIKAS REDDY   [0210022],C - DS -OS  GIT ADB Python,resigned,\n
210127,PAVANI GANDEPALLI,F,pavani.gandepalli@thundersoft.com,E2,21-10-2019,Active,9822561438,SRIVALLI OGURI   [0210023],VAGEESWARI PANCHAGNULA   [0210151],C - DS -OS  GIT,resigned,\n
210128,BABJI DUGGIRALA,M,babji.duggirala@thundersoft.com,E2,26-07-2019,Active,9822561439,BATHULA TULASI MAHALAKSHMI  [0210317],SHANTHI SINDHU   [0210030],C - DS -OS  GIT  ADB Python,Micron,\n
210129,PRAVEEN KUMAR MOPARTHI,M,praveen.moparthi@thundersoft.com,E3,01-08-2019,Active,9822561440,BATHULA TULASI MAHALAKSHMI  [0210317],SACHIN BHAYARE   [0210001],C - DS -OS   GIT  ADB Python Perl,Visteon Audio,\n
210130,MUPPIREDDY HARISH REDDY,M,harish.muppireddy@thundersoft.com,E1,05-08-2019,Resignation,9822561441,MOHAMMED RIZWAN   [0210042],SIVARAM KUPPA   [0210110],C - DS -OS  GIT  ADB Python Modem Basics embedded concepts in DD,Team Change,\n
210131,BODDUPALLI PAVANI MOUNIKA,F,boddupalli.pavani@thundersoft.com,E2,05-08-2019,Resignation,9822561442,SRIVALLI OGURI   [0210023],SACHIN BHAYARE   [0210001],C - DS -OS   GIT,resigned,\n
210132,PALADI SANTHOSHI MANASA,F,santhoshi.paladi@thundersoft.com,E1,05-08-2019,Active,9822561443,SRIVALLI OGURI   [0210023],SIDDALINGESH KOOSALAPUR   [0210194],C - DS -OS   GIT,resigned,\n
210133,KATTHI SHASHIKALA,F,shashikala.katthi@thundersoft.com,E2,12-08-2019,Active,9822561444,VIKAS REDDY   [0210022],KALYANI POLEPEDDY   [0210167],C - DS -OS  Basic LDD GIT  Audio,Visteon Audio,\n
210134,MAKKUVA VENKATA SRINIVAS,M,makkuva.srinivas@thundersoft.com,E2,12-08-2019,Resignation,9822561445,CHINTALA YOUGHANDHAR   [0210189],SRIKANTH CHATRADIPALLI   [0210055],C - DS -OS  GIT,Team Change,\n
210135,TRUPTI BHOLE,F,trupti.bhole@thundersoft.com,E2,12-08-2019,Active,9822561446,MONIKA ALEKHYA BOMMISETTI   [0210149],VAGEESWARI PANCHAGNULA   [0210151],C - DS -OS  GIT,Mavenir,\n
210136,VISHAL SHUKLA,M,vishal.shukla@thundersoft.com,E2,12-08-2019,Resignation,9822561447,VIKAS REDDY   [0210022],ASISH RANJAN MUNI   [0210100],C - DS -OS  GIT,QC-HYD,\n
210137,LADI RAM SAI,M,ramsai.ladi@thundersoft.com,E2,12-08-2019,Resignation,9822561448,KARNATI NAGESWARA REDDY [0210171],SRIKANTH CHATRADIPALLI   [0210055],C - DS -OS  ADB GIT Basic LDD,resigned,\n
210138,SHRUTI,F,shruti.s@thundersoft.com,E2,12-08-2019,Resignation,9822561449,DURYODANULA ANIL KUMAR   [0210088],Ashok Phour  [0210309],C - DS -OS  GIT,resigned,\n
210140,AMEYA JOSHI,M,ameya.joshi@thundersoft.com,E1,12-08-2019,Resignation,9822561450,DURYODANULA ANIL KUMAR   [0210088],SACHIN BHAYARE   [0210001],C - DS -OS  GIT,resigned,\n
210143,KODURI KONDAREDDY,F,kondareddy.koduri@thundersoft.com,E1,22-08-2019,Resignation,9822561451,BATHULA TULASI MAHALAKSHMI  [0210317],SRIKANTH CHATRADIPALLI   [0210055],C - DS -OS  GIT,resigned,\n
210144,NIMMALA SAMPATH,F,nimmala.sampath@thundersoft.com,E1,26-08-2019,Active,9822561452,TELLAPATI REDDAIAH   [0210154],ASISH RANJAN MUNI   [0210100],C - DS -OS ADB GIT Basic LDD Audio,resigned,\n
210146,SAMPATH GOPATHI,M,gopathi.sampath@thundersoft.com,E3,03-09-2019,Active,9822561453,SACHIN BHAYARE   [0210001],SACHIN BHAYARE   [0210001],C - DS -OS  GIT,QC-HYD,\n
210147,GANAPATHIRAJU SARATH VARMA,M,sarath.varma@thundersoft.com,E2,05-09-2019,Resignation,9822561454,SIVARAM KUPPA   [0210110],VAGEESWARI PANCHAGNULA   [0210151],C - DS -OS  GIT,GIT C - DS -OS ,\n
210148,ANURAG SHARMA,M,anurag.sharma@thundersoft.com,E3,09-09-2019,Active,9822561455,AKELLA PRASANNA KUMAR [0210108],KALYANI POLEPEDDY   [0210167],C - DS -OS  ADB GIT Basic LDD Camera,Onboarded,\n
210149,MONIKA ALEKHYA BOMMISETTI,F,monika.bommisetti@thundersoft.com,E3,09-09-2019,Active,9822561456,SIVARAM KUPPA   [0210110],VAGEESWARI PANCHAGNULA   [0210151],C - DS -OS  GIT,Visteon Audio,\n
210150,KESHOJU ALEKYA,M,alekya.keshoju@thundersoft.com,E1,09-09-2019,Active,9822561457,SRIKANTH CHATRADIPALLI   [0210055],SACHIN BHAYARE   [0210001],C - DS -OS  GIT,QC-HYD,\n
210151,VAGEESWARI PANCHAGNULA,F,vageeswari.panchagnula@thundersoft.com,E3,09-09-2019,Active,9822561458,SIVARAM KUPPA   [0210110],SIVARAM KUPPA   [0210110],C - DS -OS  Basic LDD Audio Video,QC-HYD,\n
210153,MUSARRAT AFRIN,M,afrin.musarrat@thundersoft.com,E1,09-10-2019,Active,9822561459,DURYODANULA ANIL KUMAR   [0210088],AKELLA PRASANNA KUMAR [0210108],C - DS -OS  Basic LDD  Audio,QC-HYD,\n
210154,TELLAPATI REDDAIAH,M,naidu@thundersoft.com,E5,10-10-2019,Active,9822561460,SUDHARANI PILLAI  [014121],KALYANI POLEPEDDY   [0210167],C - DS -OS  Basic LDD,Mavenir,\n
210155,SHUBHRAJIT LAHIRI,M,shubhrajit.lahiri@thundersoft.com,E2,29-10-2019,Resignation,9822561461,ANURAG SHARMA   [0210148],VAGEESWARI PANCHAGNULA   [0210151],C - DS -OS  Basic LDD  Audio,Visteon Audio,\n
210156,PANICKER HARISH,M,harish.panicker@thundersoft.com,E2,04-11-2019,Resignation,9822561462,CHINTALA YOUGHANDHAR   [0210189],Ravi Kumar Gupta  [0210289],C - DS -OS  Jenkins Pyth Perl B&I,Micron,\n
210157,UPPARI KRANTHI KUMAR,,kranthi.uppari@thundersoft.com,E2,04-11-2019,Resignation,9822561463,VAGEESWARI PANCHAGNULA   [0210151],BALARAMU NAIDU   [0210058],C - DS -OS  Basic LDD,QC-HYD,\n
210158,GUHAN SREEJA,F,sreeja.guhan@thundersoft.com,E6,04-11-2019,Resignation,9822561464,VAGEESWARI PANCHAGNULA   [0210151],DURYODANULA ANIL KUMAR   [0210088],C - DS -OS  Basic LDD  BSP,QC-HYD,\n
210159,SHUBHANGI SHASHIKANT JOSHI,F,shubhangi.joshi@thundersoft.com,E2,04-11-2019,Active,9822561465,AKELLA PRASANNA KUMAR [0210108],SOUMYA RANJAN SUTAR   [0210169],C - DS -OS  Basic LDD,Team Change,\n
210160,KOMAL CHANDRAKANT BANKAR,F,komal.bankar@thundersoft.com,E6,04-11-2019,Resignation,9822561466,VAGEESWARI PANCHAGNULA   [0210151],KARNATI NAGESWARA REDDY [0210171],C - DS -OS  Basic LDD,Onboarded,\n
210161,KONDEKAR PREKSHA VIKAS,M,preksha.kondekar@thundersoft.com,E6,04-11-2019,Resignation,9822561467,VAGEESWARI PANCHAGNULA   [0210151],CHINTALA YOUGHANDHAR   [0210189],C - DS -OS  GIT ADB Python,QC-HYD,\n
210162,GUBBA VENKATA LAKSHMI NARAYANA,M,narayana.gubba@thundersoft.com,E3,06-11-2019,Resignation,9822561468,BALARAMU NAIDU   [0210058],BATHULA TULASI MAHALAKSHMI  [0210317],C - DS -OS  GIT,Mavenir,\n
210164,PAVAN KUMAR RAJOLE,M,rajole.pavan@thundersoft.com,E2,25-11-2019,Resignation,9822561469,BALARAMU NAIDU   [0210058],SACHIN BHAYARE   [0210001],C - DS -OS  GIT  ADB Python,QC-HYD,\n
210165,MAREM BHAGYA LAKSHMI DEVI,F,bhagya.marem@thundersoft.com,E2,25-11-2019,Active,9822561470,SIVARAM KUPPA   [0210110],VIJAY KRISHNA NIVARTHI   [0210212],C - DS -OS   GIT  ADB Python Perl,Visteon Audio,\n
210166,ZAMBRAE ASHLESHA CHANDRAGUPT,F,ashlesha.zambre@thundersoft.com,E1,25-11-2019,Active,9822561471,SRIKANTH CHATRADIPALLI   [0210055],Ravi Kumar Gupta  [0210289],C - DS -OS  GIT  ADB Python Modem Basics embedded concepts in DD,Team Change,\n
210167,KALYANI POLEPEDDY,F,kalyani.polepeddy@thundersoft.com,E5,25-11-2019,Active,9822561472,SIVARAM KUPPA   [0210110],SOUMYA RANJAN SUTAR   [0210169],C - DS -OS   GIT,QC-HYD,\n
210168,BOLISETTY HEMALATHA,F,hemalatha.bolisetty@thundersoft.com,E1,27-11-2019,Active,9822561473,Ravi Kumar Gupta  [0210289],KALYANI POLEPEDDY   [0210167],C - DS -OS   GIT,QC-HYD,\n
210169,SOUMYA RANJAN SUTAR,F,soumya.sutar@thundersoft.com,E5,02-12-2019,Active,9822561474,VIJAY KRISHNA NIVARTHI   [0210212],FARIDA M   [0210179],C - DS -OS  Basic LDD GIT  Audio,Onboarded,\n
210171,KARNATI NAGESWARA REDDY,F,nageswara.karnati@thundersoft.com,E5,12-12-2019,Active,9822561475,SUDHARANI PILLAI  [014121],VAGEESWARI PANCHAGNULA   [0210151],C - DS -OS  GIT,Team Change,\n
210172,ALEKHYA DYAVANAPELLY,M,alekhya.dyavanapelly@thundersoft.com,E1,01-10-2020,Resignation,9822561476,SRIKANTH CHATRADIPALLI   [0210055],KARNATI NAGESWARA REDDY [0210171],C - DS -OS  GIT,QC-HYD,\n
210174,BOLISETTI SIRILAKSHMI,F,sirilakshmi.bolisetti@thundersoft.com,E1,23-12-2019,Active,9822561477,FARIDA M   [0210179],SIVARAM KUPPA   [0210110],C - DS -OS  GIT,TEAM CHANGE,\n
210175,MATTA JAYARAM,M,jayaram.matta@thundersoft.com,E3,26-12-2019,Resignation,9822561478,BALARAMU NAIDU   [0210058],AKELLA PRASANNA KUMAR [0210108],C - DS -OS  ADB GIT Basic LDD,QC-HYD,\n
210176,KARNEKOTA SATISH KUMAR,M,satish.karnekota@thundersoft.com,E2,26-12-2019,Resignation,9822561479,DURYODANULA ANIL KUMAR   [0210088],DURYODANULA ANIL KUMAR   [0210088],C - DS -OS  GIT,QC-HYD,\n
210177,CHAITANYA SWAROOP JUTURI,M,chaitanya.juturi@thundersoft.com,E2,02-01-2020,Active,9822561480,SRIKANTH CHATRADIPALLI   [0210055],BALARAMU NAIDU   [0210058],C - DS -OS  GIT,Bench,\n
210178,NEERAJ KUMAR,M,neeraj.kumar@thundersoft.com,E3,02-01-2020,Resignation,9822561481,SUDHARANI PILLAI  [014121],FARIDA M   [0210179],C - DS -OS  GIT,Visteon Audio,\n
210179,FARIDA M,F,farida.m@thundersoft.com,E3,03-01-2020,Active,9822561482,AKELLA PRASANNA KUMAR [0210108],SIVARAM KUPPA   [0210110],C - DS -OS ADB GIT Basic LDD Audio,Bench,\n
210180,POLISETTY TEJASWI,F,tejaswi.polisetty@thundersoft.com,E6,06-01-2020,Resignation,9822561483,DURYODANULA ANIL KUMAR   [0210088],DURYODANULA ANIL KUMAR   [0210088],C - DS -OS  GIT,QC-HYD,\n
210182,PHANIDAPU NAGA VARA PRASAD,M,varaprasad.naga@thundersoft.com,E1,20-01-2020,Active,9822561484,PRAVEEN KUMAR MOPARTHI   [0210129],BALARAMU NAIDU   [0210058],C - DS -OS  GIT,Bench,\n
210183,DANGETI SHANMUKHA SURESH,M,dangeti.suresh@thundersoft.com,E2,20-01-2020,Active,9822561485,SOUMYA RANJAN SUTAR   [0210169],BATHULA TULASI MAHALAKSHMI  [0210317],C - DS -OS  ADB GIT Basic LDD Camera,Micron,\n
210184,ANKUR TYAGI,M,ankur@thundersoft.com,E5,20-01-2020,Active,9822561486,SUDHARANI PILLAI  [014121],FARIDA M   [0210179],C - DS -OS  GIT,Visteon Audio,\n
210186,DADAGOUDA BIRADAR,M,biradar.dadagouda@thundersoft.com,E4,05-02-2020,Resignation,9822561487,SUDHARANI PILLAI  [014121],VAGEESWARI PANCHAGNULA   [0210151],C - DS -OS  GIT,Resigned,\n
210187,ANURADHA BATHINA,F,battina.anuradha@thundersoft.com,E3,05-02-2020,Active,9822561488,TELLAPATI REDDAIAH   [0210154],BALARAMU NAIDU   [0210058],C - DS -OS  Basic LDD Audio Video,Mavenir,\n
210188,MAREPALLY SANDEEP REDDY,M,marepally.sandeep@thundersoft.com,E1,10-02-2020,Resignation,9822561489,SOUMYA RANJAN SUTAR   [0210169],AKELLA PRASANNA KUMAR [0210108],C - DS -OS  Basic LDD  Audio,Micron,\n
210189,CHINTALA YOUGHANDHAR,M,youghandhar.chintala@thundersoft.com,E3,12-02-2020,Active,9822561490,BALARAMU NAIDU   [0210058],KALYANI POLEPEDDY   [0210167],C - DS -OS  Basic LDD,QC-HYD,\n
210190,DUMPETI SATHISH KUMAR,F,dumpeti.sathish@thundersoft.com,E3,17-02-2020,Resignation,9822561491,KARNATI NAGESWARA REDDY [0210171],FARIDA M   [0210179],C - DS -OS  Basic LDD  Audio,Team Change,\n
210193,KASI NAGESH GOPARAJU,M,kasi.nagesh@thundersoft.com,E3,18-03-2020,Active,9822561492,BATHULA TULASI MAHALAKSHMI  [0210317],SACHIN BHAYARE   [0210001],C - DS -OS  Jenkins Pyth Perl B&I,Mavenir,\n
210194,SIDDALINGESH KOOSALAPUR,M,siddalingesh.k@thundersoft.com,E3,02-04-2020,Active,9822561493,KARNATI NAGESWARA REDDY [0210171],KALYANI POLEPEDDY   [0210167],C - DS -OS  Basic LDD,QC-HYD,\n
210195,RAMA GOWTHAM MANDAPATI,M,gowtham.mandapati@thundersoft.com,E5,20-04-2020,Active,9822561494,ANURADHA KORRAPATI   [0210002],AKELLA PRASANNA KUMAR [0210108],C - DS -OS  Basic LDD  BSP,QC-HYD,\n
210196,GUNTA VENKATA PHANENDRA,M,phanendra.gunta@thundersoft.com,E1,21-04-2020,Resignation,9822561495,RAJ KUMAR THAVTI  [0210298],FARIDA M   [0210179],C - DS -OS  Basic LDD,Micron,\n
210197,MOHAMMAD JOHNY SHAIK,M,johny.shaik@thundersoft.com,E3,23-04-2020,Active,9822561496,SIVARAM KUPPA   [0210110],DURYODANULA ANIL KUMAR   [0210088],C - DS -OS  Basic LDD,QC-HYD,\n
210198,ABHILASH KUMAR S,M,abhilash.kumar@thundersoft.com,E3,04-05-2020,Active,9822561497,KARNATI NAGESWARA REDDY [0210171],BATHULA TULASI MAHALAKSHMI  [0210317],C - DS -OS  Basic LDD Audio Video,Visteon Audio,\n
210199,VARUN HS,M,varun.hs@thundersoft.com,E1,12-05-2020,Resignation,9822561498,MONIKA ALEKHYA BOMMISETTI   [0210149],BALARAMU NAIDU   [0210058],C - DS -OS  Basic LDD  Audio,Onboarded,\n
210200,VENKATARAMAN NERELLAPALLI,M,venkataraman@thundersoft.com,E5,20-05-2020,Resignation,9822561499,AKELLA PRASANNA KUMAR [0210108],BATHULA TULASI MAHALAKSHMI  [0210317],C - DS -OS  Basic LDD,Visteon Audio,\n
210201,KAVYA CHANDRAN,F,kavya.chandran@thundersoft.com,E2,08-06-2020,Active,9822561500,SRIKANTH CHATRADIPALLI   [0210055],KALYANI POLEPEDDY   [0210167],C - DS -OS  Basic LDD  Audio,QC-HYD,\n
210202,SAIRAM BANDIKANTI,M,sairam.bandikanti@thundersoft.com,E1,15-06-2020,Active,9822561501,MONIKA ALEKHYA BOMMISETTI   [0210149],SACHIN BHAYARE   [0210001],C - DS -OS  Jenkins Pyth Perl B&I,QC-HYD,\n
210203,ANIRUDH GUDIPATI,M,anirudh.gudipati@thundersoft.com,E5,15-06-2020,Active,9822561502,ANURADHA KORRAPATI   [0210002],FARIDA M   [0210179],C - DS -OS  Basic LDD,QC-HYD,\n
210204,AKETI SRIRAM KUMAR,M,sriram.aketi@thundersoft.com,E1,13-07-2020,Resignation,9822561503,SIVARAM KUPPA   [0210110],VAGEESWARI PANCHAGNULA   [0210151],C - DS -OS  Basic LDD  BSP,Mavenir,\n
210205,HARISH VIYYAPU,M,viyyapu.harish@thundersoft.com,E2,14-08-2020,Resignation,9822561504,CHINTALA YOUGHANDHAR   [0210189],KALYANI POLEPEDDY   [0210167],C - DS -OS  Basic LDD,Visteon Audio,\n
210206,NARAYANA MURTHY NAIDU,M,narayana.naidu@thundersoft.com,E1,01-09-2020,Active,9822561505,SIVARAM KUPPA   [0210110],AKELLA PRASANNA KUMAR [0210108],C - DS -OS  Basic LDD,Micron,\n
210208,SOMALA JAYA DEEPIKA,F,deepika.somala@thundersoft.com,E1,21-09-2020,Active,9822561506,ASISH RANJAN MUNI   [0210100],SACHIN BHAYARE   [0210001],C - DS -OS  GIT ADB Python,QC-HYD,\n
210209,SAIPRASAD PASCHAPUR,M,saiprasad.paschapur@thundersoft.com,E1,28-09-2020,Active,9822561507,ASISH RANJAN MUNI   [0210100],DURYODANULA ANIL KUMAR   [0210088],C - DS -OS  GIT,QC-HYD,\n
210210,KOMMANA YASHWANT,M,yashwant.kommana@thundersoft.com,E2,14-10-2020,Active,9822561508,BATHULA TULASI MAHALAKSHMI  [0210317],BALARAMU NAIDU   [0210058],C - DS -OS  GIT  ADB Python,Team Change,\n
210211,SEGIREDDY RANGA NAGESWARA REDDY,M,ranga.nageswar@thundersoft.com,E1,21-10-2020,Resignation,9822561509,ASISH RANJAN MUNI   [0210100],VAGEESWARI PANCHAGNULA   [0210151],C - DS -OS   GIT  ADB Python Perl,Onboarded,\n
210212,VIJAY KRISHNA NIVARTHI,M,vijay.krishna@thundersoft.com,E5,21-10-2020,Active,9822561510,SUDHARANI PILLAI  [014121],FARIDA M   [0210179],C - DS -OS  GIT  ADB Python Modem Basics embedded concepts in DD,QC-HYD,\n
210213,DEVARAPALLI HARIPRIYANKA,F,haripriyanka.devarapalli@thundersoft.com,E1,16-02-2021,Active,9822561511,BABJI DUGGIRALA   [0210128],SACHIN BHAYARE   [0210001],C - DS -OS   GIT,Mavenir,\n
210214,SABEENA DILSHAD,F,sabeena.dilshad@thundersoft.com,E1,16-02-2021,Active,9822561512,PRAVEEN KUMAR MOPARTHI   [0210129],DURYODANULA ANIL KUMAR   [0210088],C - DS -OS   GIT,QC-HYD,\n
210215,SIVAPARVATHI CHINTHANABOYINA,F,sivaparvathi.c@thundersoft.com,E2,29-10-2020,Resignation,9822561513,DURYODANULA ANIL KUMAR   [0210088],SRIKANTH CHATRADIPALLI   [0210055],C - DS -OS  Basic LDD GIT  Audio,Visteon Audio,\n
210218,JYOTHSNA JINAGA,F,jyothsna.jinaga@thundersoft.com,E1,16-02-2021,Active,9822561514,SRIKANTH CHATRADIPALLI   [0210055],SACHIN BHAYARE   [0210001],C - DS -OS  GIT,Team Change,\n
210219,SIBIN BALAKRISHNAN,M,sibin.b@thundersoft.com,E3,09-11-2020,Termination,9822561515,SACHIN BHAYARE   [0210001],MAHENDER MUDUPU   [0210031],C - DS -OS  GIT,QC-HYD,\n
210220,KHUSHAL BAWANKAR,M,khushal.bawankar@thundersoft.com,E2,06-01-2021,Active,9822561516,MAHENDER MUDUPU   [0210031],VIKAS REDDY   [0210022],C - DS -OS  GIT,QC-HYD,\n
210221,BHARATH N,M,bharath.n@thundersoft.com,E2,06-01-2021,Active,9822561517,VIKAS REDDY   [0210022],KARNATI NAGESWARA REDDY [0210171],C - DS -OS  ADB GIT Basic LDD,Onboarded,\n
210222,KAYNAT PANWALA,M,kaynat.panwala@thundersoft.com,E1,18-01-2021,Active,9822561518,KARNATI NAGESWARA REDDY [0210171],KARNATI NAGESWARA REDDY [0210171],C - DS -OS  GIT,Team Change,\n
210223,SUSHIL S HIREMATH,M,sushil.hiremath@thundersoft.com,E3,18-01-2021,Resignation,9822561519,KARNATI NAGESWARA REDDY [0210171],ANURADHA KORRAPATI   [0210002],C - DS -OS  GIT,QC-HYD,\n
210225,CHINTALA VANAJA,F,vanaja.chintala@thundersoft.com,E4,22-02-2021,Active,9822561520,ANURADHA KORRAPATI   [0210002],SIVARAM KUPPA   [0210110],C - DS -OS  GIT,TEAM CHANGE,\n
210226,VANGANUR SUJITH KUMAR REDDY,M,sujith.vanganur@thundersoft.com,E1,24-02-2021,Resignation,9822561521,SIVARAM KUPPA   [0210110],AKELLA PRASANNA KUMAR [0210108],C - DS -OS ADB GIT Basic LDD Audio,QC-HYD,\n
210227,SABEER HUSSAIN MOHAMMAD,M,sabeer.hussain@thundersoft.com,E3,26-02-2021,Resignation,9822561522,AKELLA PRASANNA KUMAR [0210108],SRIKANTH CHATRADIPALLI   [0210055],C - DS -OS  Basic LDD Audio Video,QC-HYD,\n
210228,S DEIVA GANESAN,M,ganesan.deiva@thundersoft.com,E1,08-03-2021,Active,9822561523,SRIKANTH CHATRADIPALLI   [0210055],SIDDALINGESH KOOSALAPUR   [0210194],C - DS -OS  Basic LDD  Audio,Bench,\n
210229,Akshay V Bhosale,M,akshay.bhosale@thundersoft.com,E2,08-03-2021,Resignation,9822561524,SIDDALINGESH KOOSALAPUR   [0210194],DURYODANULA ANIL KUMAR   [0210088],C - DS -OS  Basic LDD,Visteon Audio,\n
210230,JANAKIRAMAN,M,janakiraman.s@thundersoft.com,E2,23-08-2021,Active,9822561525,DURYODANULA ANIL KUMAR   [0210088],CHINTALA YOUGHANDHAR   [0210189],C - DS -OS  Basic LDD  Audio,Bench,\n
210231,GOPU AKHILA,M,akhila.gopu@thundersoft.com,E2,11-03-2021,Resignation,9822561526,CHINTALA YOUGHANDHAR   [0210189],VAGEESWARI PANCHAGNULA   [0210151],C - DS -OS  Jenkins Pyth Perl B&I,QC-HYD,\n
210233,VIGNAN POGU,M,vignan.pogu@thundersoft.com,E6,12-04-2021,Termination,9822561527,VAGEESWARI PANCHAGNULA   [0210151],SRIKANTH CHATRADIPALLI   [0210055],C - DS -OS  Basic LDD,Bench,\n
210234,GELLI SRAVANTHI,F,sravanthi.gelli@thundersoft.com,E2,10-05-2021,Active,9822561528,SRIKANTH CHATRADIPALLI   [0210055],AKELLA PRASANNA KUMAR [0210108],C - DS -OS  Basic LDD  BSP,Micron,\n
210235,NAVEEN NARASIMHA M,M,naveen.narasimha@thundersoft.com,E3,17-05-2021,Active,9822561529,AKELLA PRASANNA KUMAR [0210108],DURYODANULA ANIL KUMAR   [0210088],C - DS -OS  Basic LDD,Visteon Audio,\n
210237,DAMERLA HIMA NAGA SRAVYA SREE,F,sravya.damerla@thundersoft.com,E1,31-05-2021,Resignation,9822561530,DURYODANULA ANIL KUMAR   [0210088],AKELLA PRASANNA KUMAR [0210108],C - DS -OS  Basic LDD,Resigned,\n
210238,Amit shivsamab Kasnale,M,amit.kasnale@thundersoft.com,E1,07-06-2021,Resignation,9822561531,AKELLA PRASANNA KUMAR [0210108],DURYODANULA ANIL KUMAR   [0210088],C - DS -OS  GIT ADB Python,Mavenir,\n
210239,K HITESH REDDY,M,hitesh.kanala@thundersoft.com,E6,07-06-2021,Resignation,9822561532,DURYODANULA ANIL KUMAR   [0210088],BATHULA TULASI MAHALAKSHMI  [0210317],C - DS -OS  GIT,Micron,\n
210240,Gajanan Shridhar Bhat,M,gajanan.bhat@thundersoft.com,E1,07-06-2021,Active,9822561533,BATHULA TULASI MAHALAKSHMI  [0210317],VIKAS REDDY   [0210022],C - DS -OS  GIT  ADB Python,QC-HYD,\n
210242,KRISHNAKRIPA P H,F,krishnakripa.ph@thundersoft.com,E1,10-06-2021,Active,9822561534,VIKAS REDDY   [0210022],Ashok Phour  [0210309],C - DS -OS   GIT  ADB Python Perl,Team Change,\n
210243,KODIMALA SATISH REDDY,M,satishreddy.kodimala@thundersoft.com,E2,14-06-2021,Active,9822561535,Ashok Phour  [0210309],VIKAS REDDY   [0210022],C - DS -OS  GIT  ADB Python Modem Basics embedded concepts in DD,Mavenir,\n
210245,VAIBHAV RANJAN LAWANDE,M,vaibhav.lawande@thundersoft.com,E2,21-06-2021,Active,9822561536,VIKAS REDDY   [0210022],SRIKANTH CHATRADIPALLI   [0210055],C - DS -OS   GIT,QC-HYD,\n
210246,Arvind Kumar Panchal,M,arvind.panchal@thundersoft.com,E1,28-06-2021,Resignation,9822561537,SRIKANTH CHATRADIPALLI   [0210055],VIJAY KRISHNA NIVARTHI   [0210212],C - DS -OS   GIT,QC-HYD,\n
210247,FARHANA,F,farhana.shaik@thundersoft.com,E2,28-06-2021,Active,9822561538,VIJAY KRISHNA NIVARTHI   [0210212],KARNATI NAGESWARA REDDY [0210171],C - DS -OS  Basic LDD GIT  Audio,Micron,\n
210248,GOBBURI DILEEP REDDY,M,dileep.gobburi@thundersoft.com,E2,29-06-2021,Active,9822561539,KARNATI NAGESWARA REDDY [0210171],KALYANI POLEPEDDY   [0210167],C - DS -OS  GIT,QC-HYD,\n
210249,DIPA RAMESH MANTRE,F,dipa.mantre@thundersoft.com,E2,29-06-2021,Active,9822561540,KALYANI POLEPEDDY   [0210167],SOUMYA RANJAN SUTAR   [0210169],C - DS -OS  GIT,Visteon Audio,\n
210250,A SHIVA NIRANJAN,M,shiva.niranjan@thundersoft.com,E1,01-07-2021,Active,9822561541,SOUMYA RANJAN SUTAR   [0210169],SHANTHI SINDHU   [0210030],C - DS -OS  GIT,Mavenir,\n
210251,VETURI SAMEER,M,sameer.veturi@thundersoft.com,E1,01-07-2021,Resignation,9822561542,SHANTHI SINDHU   [0210030],SRIVALLI OGURI   [0210023],C - DS -OS  ADB GIT Basic LDD,resigned,\n
210253,PEYYALA ROSHINI,F,roshini.peyyala@thundersoft.com,E2,02-08-2021,Active,9822561543,SRIVALLI OGURI   [0210023],KALYANI POLEPEDDY   [0210167],C - DS -OS  GIT,Visteon Audio,\n
210254,HEGDE AKSHAY VINAYAKA,M,hegde.akshay@thundersoft.com,E2,02-08-2021,Active,9822561544,KALYANI POLEPEDDY   [0210167],SHANTHI SINDHU   [0210030],C - DS -OS  GIT,Team Change,\n
210255,MANJUNATHA N,M,manjunatha.n@thundersoft.com,E2,02-08-2021,Active,9822561545,SHANTHI SINDHU   [0210030],VAGEESWARI PANCHAGNULA   [0210151],C - DS -OS  GIT,QC-HYD,\n
210256,RAJAT NAZARE,M,rajat.nazare@thundersoft.com,E6,02-08-2021,Resignation,9822561546,VAGEESWARI PANCHAGNULA   [0210151],KALYANI POLEPEDDY   [0210167],C - DS -OS ADB GIT Basic LDD Audio,resigned,\n
210257,CHINTAKAYALA SAI KANNAN,M,sai.kannan@thundersoft.com,E2,02-08-2021,Active,9822561547,KALYANI POLEPEDDY   [0210167],SIDDALINGESH KOOSALAPUR   [0210194],C - DS -OS  Basic LDD,Onboarded,\n
210258,PRATIKSHA RAMBHAU CHAVAN,F,pratiksha.chavan@thundersoft.com,E2,02-08-2021,Active,9822561548,SIDDALINGESH KOOSALAPUR   [0210194],CHINTALA YOUGHANDHAR   [0210189],C - DS -OS  Basic LDD,Team Change,\n
210259,KUNTHUMURI BALAKRISHNA,M,balakrishna.kunthumuri@thundersoft.com,E2,02-08-2021,Active,9822561549,CHINTALA YOUGHANDHAR   [0210189],SIDDALINGESH KOOSALAPUR   [0210194],C - DS -OS  GIT ADB Python,resigned,\n
210260,Ranjitha B,F,ranjitha.b@thundersoft.com,E2,02-08-2021,Active,9822561550,SIDDALINGESH KOOSALAPUR   [0210194],SRIVALLI OGURI   [0210023],C - DS -OS  GIT,TEAM CHANGE,\n
210261,SHASHIKUMAR KERALE,M,shashikumar.kerale@thundersoft.com,E6,02-08-2021,Resignation,9822561551,SRIVALLI OGURI   [0210023],SHANTHI SINDHU   [0210030],C - DS -OS  GIT  ADB Python,resigned,\n
210262,GODUGU MANOJKUMAR,M,manoj.godugu@thundersoft.com,E6,02-08-2021,Resignation,9822561552,SHANTHI SINDHU   [0210030],DURYODANULA ANIL KUMAR   [0210088],C - DS -OS   GIT  ADB Python Perl,resigned,\n
210263,SAI TEJA MADDA,M,teja.madda@thundersoft.com,E2,04-08-2021,Active,9822561553,DURYODANULA ANIL KUMAR   [0210088],DURYODANULA ANIL KUMAR   [0210088],C - DS -OS  GIT  ADB Python Modem Basics embedded concepts in DD,Bench,\n
210264,KESANA BHAVANEE,F,bhavanee.kesana@thundersoft.com,E2,04-08-2021,Active,9822561554,DURYODANULA ANIL KUMAR   [0210088],SRIVALLI OGURI   [0210023],C - DS -OS   GIT,Visteon Audio,\n
210265,INTI SRAVANA RAMA SATYA VINAY,M,vinay.inti@thundersoft.com,E2,04-08-2021,Active,9822561555,SRIVALLI OGURI   [0210023],DURYODANULA ANIL KUMAR   [0210088],C - DS -OS   GIT,Bench,\n
210266,ANGADALA DURGA DEVI,F,durga.angadala@thundersoft.com,E2,04-08-2021,Active,9822561556,DURYODANULA ANIL KUMAR   [0210088],DURYODANULA ANIL KUMAR   [0210088],C - DS -OS  Basic LDD GIT  Audio,QC-HYD,\n
210267,SHAIK HAMEED,M,hameed.shaik@thundersoft.com,E2,04-08-2021,Active,9822561557,DURYODANULA ANIL KUMAR   [0210088],TELLAPATI REDDAIAH   [0210154],C - DS -OS  GIT,Bench,\n
210269,SURENDRA GUDURI,M,surendra.guduri@thundersoft.com,E2,04-08-2021,Active,9822561558,TELLAPATI REDDAIAH   [0210154],KALYANI POLEPEDDY   [0210167],C - DS -OS  GIT,Micron,\n
210270,KAYITHA NIKITHA,F,nikitha.kayitha@thundersoft.com,E6,04-08-2021,Termination,9822561559,KALYANI POLEPEDDY   [0210167],FARIDA M   [0210179],C - DS -OS  GIT,Visteon Audio,\n
210271,CHINTA VENKATA SAI PHANEENDHRA,F,phaneendhra.chinta@thundersoft.com,E2,04-08-2021,Active,9822561560,FARIDA M   [0210179],SIDDALINGESH KOOSALAPUR   [0210194],C - DS -OS  ADB GIT Basic LDD,Team Change,\n
210272,TODKAR AISHWARYA DASHARATH,F,aishwarya.todkar@thundersoft.com,E2,04-08-2021,Active,9822561561,SIDDALINGESH KOOSALAPUR   [0210194],RAJ KUMAR THAVTI  [0210298],C - DS -OS  GIT,Mavenir,\n
210273,GOSALA KALYAN BABU,M,kalyanbabu.gosala@thundersoft.com,E2,05-08-2021,Active,9822561562,RAJ KUMAR THAVTI  [0210298],DURYODANULA ANIL KUMAR   [0210088],C - DS -OS  GIT,Micron,\n
210274,veeravalli karthik,F,karthik.veeravalli@thundersoft.com,E2,05-08-2021,Active,9822561563,DURYODANULA ANIL KUMAR   [0210088],CHINTALA YOUGHANDHAR   [0210189],C - DS -OS  GIT,resigned,\n
210275,Rohan Shinde,M,rohan.shinde@thundersoft.com,E2,05-08-2021,Active,9822561564,CHINTALA YOUGHANDHAR   [0210189],RAJ KUMAR THAVTI  [0210298],C - DS -OS ADB GIT Basic LDD Audio,Team Change,\n
210276,N N SIVA SAI CHARAN,M,charan.sai@thundersoft.com,E2,09-08-2021,Active,9822561565,RAJ KUMAR THAVTI  [0210298],DURYODANULA ANIL KUMAR   [0210088],C - DS -OS  Basic LDD Audio Video,Mavenir,\n
210277,LINGALA DIVYA,F,divya.lingala@thundersoft.com,E2,16-08-2021,Active,9822561566,DURYODANULA ANIL KUMAR   [0210088],DURYODANULA ANIL KUMAR   [0210088],C - DS -OS  Basic LDD  Audio,QC-HYD,\n
210278,Akash Kumar,M,akash.kumar@thundersoft.com,E2,23-08-2021,Resignation,9822561567,DURYODANULA ANIL KUMAR   [0210088],ASISH RANJAN MUNI   [0210100],C - DS -OS  Basic LDD,resigned,\n
210279,DODDA MAHESH,M,mahesh.dodda@thundersoft.com,E1,23-08-2021,Abscond,9822561568,ASISH RANJAN MUNI   [0210100],ASISH RANJAN MUNI   [0210100],C - DS -OS  Basic LDD  Audio,Micron,\n
210280,SHEKH JAFAR HUSAIN,M,jafar.husain@thundersoft.com,E1,23-08-2021,Active,9822561569,ASISH RANJAN MUNI   [0210100],NIKHIL VIHAR BOYAPATI   [0210109],C - DS -OS  Jenkins Pyth Perl B&I,resigned,\n
210281,M Sreekar Bhargav,M,sreekar.bhargav@thundersoft.com,E2,23-08-2021,Active,9822561570,NIKHIL VIHAR BOYAPATI   [0210109],SHANTHI SINDHU   [0210030],C - DS -OS  Basic LDD,Visteon Audio,\n
210283,THIMMIREDDIGARI VIJAY KUMAR REDDY,M,vijay.reddy@thundersoft.com,E1,30-08-2021,Resignation,9822561571,SHANTHI SINDHU   [0210030],SRIVALLI OGURI   [0210023],C - DS -OS  Basic LDD  BSP,resigned,\n
210284,Lajul Soni,M,lajul.soni@thundersoft.com,E2,01-09-2021,Active,9822561572,SRIVALLI OGURI   [0210023],SACHIN BHAYARE   [0210001],C - DS -OS  Basic LDD,QC-HYD,\n
210285,VENU GOSU,F,venu.gosu@thundersoft.com,E2,08-09-2021,Active,9822561573,CHINTALA YOUGHANDHAR   [0210189],KALYANI POLEPEDDY   [0210167],C - DS -OS  Basic LDD,MICRON,\n
210286,MD DANISH ALAM,M,danish.alam@thundersoft.com,E1,09-09-2021,Resignation,9822561574,SIDDALINGESH KOOSALAPUR   [0210194],RAJ KUMAR THAVTI  [0210298],C - DS -OS  GIT ADB Python,Visteon Audio,\n
210287,SHOUKATH ALI,M,shoukath.ali@thundersoft.com,E2,13-09-2021,Suspension,9822561575,BATHULA TULASI MAHALAKSHMI  [0210317],KALYANI POLEPEDDY   [0210167],C - DS -OS  GIT,QC-HYD,\n
210288,ALUVALA SAITEJA,M,saiteja.aluvala@thundersoft.com,E1,13-09-2021,Active,9822561576,CHINTALA YOUGHANDHAR   [0210189],VAGEESWARI PANCHAGNULA   [0210151],C - DS -OS  GIT  ADB Python,MICRON,\n
210289,Ravi Kumar Gupta,M,ravi.gupta@thundersoft.com,E2,13-09-2021,Active,9822561577,BATHULA TULASI MAHALAKSHMI  [0210317],SACHIN BHAYARE   [0210001],C - DS -OS   GIT  ADB Python Perl,QC-BANG,\n
210290,NITISH KUMAR PRADHAN,M,nitish.pradhan@thundersoft.com,E2,13-09-2021,Resignation,9822561578,SIDDALINGESH KOOSALAPUR   [0210194],SACHIN BHAYARE   [0210001],C - DS -OS  GIT  ADB Python Modem Basics embedded concepts in DD,Visteon Audio,\n
210292,ABHISHEK SURESH DHUMAL,M,abhishek.dhumal@thundersoft.com,E1,21-09-2021,Active,9822561579,VIKAS REDDY   [0210022],AKELLA PRASANNA KUMAR [0210108],C - DS -OS  Basic LDD,QC-HYD,\n
210293,GAMIDI ROHITHA,F,rohitha.gamidi@thundersoft.com,E1,27-09-2021,Active,9822561580,DURYODANULA ANIL KUMAR   [0210088],KALYANI POLEPEDDY   [0210167],C - DS -OS  Basic LDD,MICRON,\n
210294,Peetala Neelima Priyanka,F,priyanka.neelima@thundersoft.com,E1,27-09-2021,Active,9822561581,DURYODANULA ANIL KUMAR   [0210088],VAGEESWARI PANCHAGNULA   [0210151],C - DS -OS  GIT ADB Python,MICRON,\n
210295,PAPANABOYINA BALA NARAYANA,M,balanarayana.p@thundersoft.com,E2,27-09-2021,Active,9822561582,SIVARAM KUPPA   [0210110],Ravi Kumar Gupta  [0210289],C - DS -OS  GIT,QC Reqs ,\n
210296,DEVISREE N,F,devisree.n@thundersoft.com,E2,27-09-2021,Active,9822561583,SRIKANTH CHATRADIPALLI   [0210055],BALARAMU NAIDU   [0210058],C - DS -OS  GIT  ADB Python,MICRON,\n
210297,VEMULA KIRANMAI,F,kiranmai.vemula@thundersoft.com,E1,27-09-2021,Active,9822561584,DURYODANULA ANIL KUMAR   [0210088],DURYODANULA ANIL KUMAR   [0210088],C - DS -OS   GIT  ADB Python Perl,MICRON,\n
210298,RAJ KUMAR THAVTI,M,rajkumar.thavti@thundersoft.com,E1,27-09-2021,Active,9822561585,SRIVALLI OGURI   [0210023],SOUMYA RANJAN SUTAR   [0210169],C - DS -OS  GIT  ADB Python Modem Basics embedded concepts in DD,QC-HYD,\n
210299,MUPPIDI SAI KIRAN,M,saikiran.muppidi@thundersoft.com,E1,27-09-2021,Active,9822561586,VIKAS REDDY   [0210022],KARNATI NAGESWARA REDDY [0210171],C - DS -OS   GIT,Visteon Audio,\n
210300,MEESALA V BHANUTEJA,F,bhanuteja.meesala@thundersoft.com,E1 ,29-09-2021,Active,9822561587,SRIVALLI OGURI   [0210023],CHINTALA YOUGHANDHAR   [0210189],C - DS -OS   GIT,QC-HYD,\n
210301,BAGILI SATISH REDDY,M,satish.bagili@thundersoft.com,E2,04-10-2021,Active,9822561588,Ravi Kumar Gupta  [0210289],BATHULA TULASI MAHALAKSHMI  [0210317],C - DS -OS  Basic LDD GIT  Audio,QC-REQS ,\n
210302,Vemala Hima Bindu,F,himabindu.vemala@thundersoft.com,E5,04-10-2021,Active,9822561589,ANURADHA KORRAPATI   [0210002],SACHIN BHAYARE   [0210001],C - DS -OS  GIT,MICRON,\n
210304,DEVARAJ,M,devaraj.nayak@thundersoft.com,E1,25-10-2021,Active,9822561590,DURYODANULA ANIL KUMAR   [0210088],VIJAY KRISHNA NIVARTHI   [0210212],C - DS -OS  GIT,MICRON,\n
210305,VAKA SRIVANI,F,srivani.vaka@thundersoft.com,E6,03-01-2022,Active,9822561591,DURYODANULA ANIL KUMAR   [0210088],Ravi Kumar Gupta  [0210289],C - DS -OS  GIT,Onboarded,\n
210306,SANDEEP JALIPARTHI,M,sandeep.j@thundersoft.com,E6,03-01-2022,Active,9822561592,DURYODANULA ANIL KUMAR   [0210088],SOUMYA RANJAN SUTAR   [0210169],C - DS -OS  ADB GIT Basic LDD,Visteon Audio,\n
210307,MOPIDEVI SIVANAGARAJU,M,sivanagaraju.m@thundersoft.com,E6,03-01-2022,Active,9822561593,DURYODANULA ANIL KUMAR   [0210088],KALYANI POLEPEDDY   [0210167],C - DS -OS  GIT,AMD-HYD,\n
210308,DHAMARASINGI DEVI PRASAD,M,deviprasad.d@thundersoft.com,E3 ,01-11-2021,Active,9822561594,VISWANATH BOMA  [0210403],FARIDA M   [0210179],C - DS -OS  GIT,MICRON,\n
210309,Ashok Phour,M,ashok.phour@thundersoft.com,E3 ,01-11-2021,Active,9822561595,SIVARAM KUPPA   [0210110],VAGEESWARI PANCHAGNULA   [0210151],C - DS -OS  GIT,Mavenir,\n
210310,CHILUKA HARISH,M,harish.chiluka@thundersoft.com,E2,01-11-2021,Active,9822561596,TELLAPATI REDDAIAH   [0210154],KARNATI NAGESWARA REDDY [0210171],C - DS -OS ADB GIT Basic LDD Audio,Soumya's ODC,\n
210311,VENKATA NAVEEN DORADLA,M,naveen.doradla@thundersoft.com,E6,01-11-2021,Active,9822561597,KALYANI POLEPEDDY   [0210167],SIVARAM KUPPA   [0210110],C - DS -OS  Basic LDD Audio Video,Training,\n
210312,NIKHIL GOWDA T K,M,nikhil.gowda@thundersoft.com,E6,01-11-2021,Active,9822561598,SIDDALINGESH KOOSALAPUR   [0210194],AKELLA PRASANNA KUMAR [0210108],C - DS -OS  Basic LDD  Audio,Visteon Audio,\n
210313,MUCHARLA ABHINAY KUMAR,M,abhinay.mucharla@thundersoft.com,E2,08-11-2021,Resignation,9822561599,SRIVALLI OGURI   [0210023],,C - DS -OS  Basic LDD,Visteon Audio,\n
210314,CHALAPATHIRAO GARA,M,chalapathirao.gara@thundersoft.com,E1,18-11-2021,Suspension,9822561600,SRIVALLI OGURI   [0210023],BALARAMU NAIDU   [0210058],C - DS -OS  Basic LDD  Audio,MICRON,\n
210315,LAVETI HARIKA DEVI,F,harika.laveti@thundersoft.com,E1 ,19-11-2021,Active,9822561601,FARIDA M   [0210179],FARIDA M   [0210179],C - DS -OS  Jenkins Pyth Perl B&I,MICRON,\n
210316,Ganga Sravani,F,sravani.ganga@thundersoft.com,E5,29-11-2021,Active,9822561602,MALA SRINIVAS   [0210076],SIVARAM KUPPA   [0210110],C - DS -OS  Basic LDD,QC-HYD,\n
210317,BATHULA TULASI MAHALAKSHMI,F,tulasi.bathula@thundersoft.com,E2,06-12-2021,Active,9822561603,SUDHARANI PILLAI  [014121],DURYODANULA ANIL KUMAR   [0210088],C - DS -OS  Basic LDD  BSP,MICRON,\n
210318,SATLA SANTOSH KUMAR,M,santosh.satla@thundersoft.com,E1 ,13-12-2021,Active,9822561604,SRIVALLI OGURI   [0210023],BALARAMU NAIDU   [0210058],C - DS -OS  Basic LDD,QC-HYD,\n
210319,AKSHATHA H M,F,akshatha.hm@thundersoft.com,E6,13-12-2021,Resignation,9822561605,VAGEESWARI PANCHAGNULA   [0210151],BATHULA TULASI MAHALAKSHMI  [0210317],C - DS -OS  Basic LDD,QC-HYD,\n
210320,Rakshitha S,F,rakshitha.s@thundersoft.com,E6,13-12-2021,Active,9822561606,NARESH JADHAV   [0210456],FARIDA M   [0210179],C - DS -OS  GIT ADB Python,MICRON,\n
210321,SINDHUSHREE J M,F,sindhushree.jm@thundersoft.com,E6,13-12-2021,Active,9822561607,KALYANI POLEPEDDY   [0210167],VAGEESWARI PANCHAGNULA   [0210151],C - DS -OS  GIT,QC-BANG,\n
210322,TEJASWINI S P,F,tejaswini.sp@thundersoft.com,E6,13-12-2021,Active,9822561608,NARESH JADHAV   [0210456],BALARAMU NAIDU   [0210058],C - DS -OS  GIT  ADB Python,MICRON,\n
210323,GUREDDY CHAKRAPANI REDDY,M,chakrapani.gureddy@thundersoft.com,E6,13-12-2021,Active,9822561609,KALYANI POLEPEDDY   [0210167],AKELLA PRASANNA KUMAR [0210108],C - DS -OS   GIT  ADB Python Perl,QC-HYD,\n
210324,PITCHAMMAGARI GURRAPPA,M,gurrappa.p@thundersoft.com,E6,13-12-2021,Termination,9822561610,KALYANI POLEPEDDY   [0210167],KALYANI POLEPEDDY   [0210167],C - DS -OS  GIT  ADB Python Modem Basics embedded concepts in DD,MICRON,\n
210325,MOHAMMED KHAMAR AHMED ANSARI,M,ansari.ahmed@thundersoft.com,E6,13-12-2021,Active,9822561611,VAGEESWARI PANCHAGNULA   [0210151],FARIDA M   [0210179],C - DS -OS  ADB GIT Basic LDD,MICRON,\n
210326,HARISH R,M,harish.r@thundersoft.com,E6,15-12-2021,Active,9822561612,SIDDALINGESH KOOSALAPUR   [0210194],SACHIN BHAYARE   [0210001],C - DS -OS  GIT,QC Reqs ,\n
210328,PAPANABOINA SURESH BABU,M,sureshbabu.p@thundersoft.com,E2,27-12-2021,Active,9822561613,TELLAPATI REDDAIAH   [0210154],SOUMYA RANJAN SUTAR   [0210169],C - DS -OS  GIT,MICRON,\n
210329,Vaishnavi Aravapalli,F,vaishnavi.aravapalli@thundersoft.com,E6,27-12-2021,Active,9822561614,MAHENDER MUDUPU   [0210031],AKELLA PRASANNA KUMAR [0210108],C - DS -OS  GIT,MICRON,\n
210330,GUDIMETLA NAGAMANI,F,nagamani.gudimetla@thundersoft.com,E5,30-12-2021,Resignation,9822561615,ANURADHA KORRAPATI   [0210002],FARIDA M   [0210179],C - DS -OS ADB GIT Basic LDD Audio,QC-HYD,\n
210331,VUTUKURI NAGA VENKATA HANUMAN SAIKUMAR,M,saikumar.vutukuri@thundersoft.com,E1 ,30-12-2021,Active,9822561616,MONIKA ALEKHYA BOMMISETTI   [0210149],SIVARAM KUPPA   [0210110],C - DS -OS  Basic LDD Audio Video,Visteon Audio,\n
210332,MARINA SANDRA,F,marina.sandra@thundersoft.com,E5,30-12-2021,Active,9822561617,ANURADHA KORRAPATI   [0210002],DURYODANULA ANIL KUMAR   [0210088],C - DS -OS  Basic LDD  Audio,QC-HYD,\n
210333,PASUPULETI VENKATESH,M,venkatesh.pasupuleti@thundersoft.com,E6,03-01-2022,Active,9822561618,SRIKANTH CHATRADIPALLI   [0210055],SACHIN BHAYARE   [0210001],C - DS -OS  Basic LDD,QC-REQS ,\n
210334,RAMA KOTIREDDY KEESARA,M,kotireddy.keesara@thundersoft.com,E3 ,03-01-2022,Active,9822561619,DURYODANULA ANIL KUMAR   [0210088],VAGEESWARI PANCHAGNULA   [0210151],C - DS -OS  Basic LDD  Audio,MICRON,\n
210335,YERRANNAGARI KALYANI,F,kalyani.y@thundersoft.com,E6,10-01-2022,Termination,9822561620,KALYANI POLEPEDDY   [0210167],FARIDA M   [0210179],C - DS -OS  Jenkins Pyth Perl B&I,MICRON,\n
210336,AKASH NAYAK BANOTH,M,akash.nayak@thundersoft.com,E6,10-01-2022,Resignation,9822561621,VAGEESWARI PANCHAGNULA   [0210151],SOUMYA RANJAN SUTAR   [0210169],C - DS -OS  Basic LDD,Onboarded,\n
210337,VASTRALA SHIVASAI,M,shivasai.vastrala@thundersoft.com,E6,10-01-2022,Resignation,9822561622,VAGEESWARI PANCHAGNULA   [0210151],SACHIN BHAYARE   [0210001],C - DS -OS  Basic LDD  BSP,Visteon Audio,\n
210338,KARRI KARTHIK REDDY,M,karthik.karri@thundersoft.com,E6,10-01-2022,Resignation,9822561623,SRIKANTH CHATRADIPALLI   [0210055],DURYODANULA ANIL KUMAR   [0210088],C - DS -OS  Basic LDD,AMD-HYD,\n
210339,TATITHURI BABJI,M,babji.tatithuri@thundersoft.com,E6,10-01-2022,Suspension,9822561624,KALYANI POLEPEDDY   [0210167],KALYANI POLEPEDDY   [0210167],C - DS -OS  Basic LDD,MICRON,\n
210340,Malreddy Anusha,F,anusha.malreddy@thundersoft.com,E5,11-01-2022,Active,9822561625,ANURADHA KORRAPATI   [0210002],FARIDA M   [0210179],C - DS -OS  GIT ADB Python,Mavenir,\n
210341,KOTLA MAHEMMED ILYAS,M,ilyas.kotla@thundersoft.com,E6,12-01-2022,Termination,9822561626,KARNATI NAGESWARA REDDY [0210171],VAGEESWARI PANCHAGNULA   [0210151],C - DS -OS  ADB GIT Basic LDD,Soumya's ODC,\n
210342,ANUJ KUMAR SINGH,M,anuj.singh@thundersoft.com,E2,13-01-2022,Active,9822561627,KARNATI NAGESWARA REDDY [0210171],SOUMYA RANJAN SUTAR   [0210169],C - DS -OS  GIT,Training,\n
210343,DHOKI VIJAY KUMAR,M,vijay.dhoki@thundersoft.com,E2,17-01-2022,Resignation,9822561628,CHINTALA YOUGHANDHAR   [0210189],VAGEESWARI PANCHAGNULA   [0210151],C - DS -OS  GIT,Visteon Audio,\n
210344,N Naveen,M,naveen.n@thundersoft.com,E6,17-01-2022,Termination,9822561629,VAGEESWARI PANCHAGNULA   [0210151],FARIDA M   [0210179],C - DS -OS  GIT,Onboarded,\n
210345,M Divya,F,divya.m@thundersoft.com,E6,17-01-2022,Termination,9822561630,KALYANI POLEPEDDY   [0210167],SIVARAM KUPPA   [0210110],C - DS -OS ADB GIT Basic LDD Audio,MICRON,\n
210346,S MOHAMED ASIQ,M,asiq.mohamed@thundersoft.com,E6,24-01-2022,Active,9822561631,KALYANI POLEPEDDY   [0210167],SACHIN BHAYARE   [0210001],C - DS -OS  Basic LDD Audio Video,MICRON,\n
210347,CHEELI BALU,M,balu.cheeli@thundersoft.com,E6,24-01-2022,Active,9822561632,KALYANI POLEPEDDY   [0210167],SOUMYA RANJAN SUTAR   [0210169],C - DS -OS  Basic LDD  Audio,QC-HYD,\n
210348,MANYAPU BANNYSHA,F,bannysha.manyapu@thundersoft.com,E6,24-01-2022,Active,9822561633,VAGEESWARI PANCHAGNULA   [0210151],SACHIN BHAYARE   [0210001],C - DS -OS  Basic LDD,QC-HYD,\n
210349,PONNAPATI CHANDRA SEKHAR REDDY,M,chandrasekhar.p@thundersoft.com,E6,24-01-2022,Active,9822561634,VIJAY KRISHNA NIVARTHI   [0210212],VAGEESWARI PANCHAGNULA   [0210151],C - DS -OS  Basic LDD  Audio,QC-HYD,\n
210350,EDIGA HAREESH,M,hareesh.ediga@thundersoft.com,E6,24-01-2022,Resignation,9822561635,SRIKANTH CHATRADIPALLI   [0210055],KALYANI POLEPEDDY   [0210167],C - DS -OS  Jenkins Pyth Perl B&I,Resigned,\n
210351,POTHINEEDI HARIKA,F,harika.p@thundersoft.com,E6,24-01-2022,Active,9822561636,SRIKANTH CHATRADIPALLI   [0210055],SRIKANTH CHATRADIPALLI   [0210055],C - DS -OS  Basic LDD,Mavenir,\n
210352,NANDHYALA KAVITHA,F,kavitha.n@thundersoft.com,E6,24-01-2022,Termination,9822561637,VAGEESWARI PANCHAGNULA   [0210151],KALYANI POLEPEDDY   [0210167],C - DS -OS  Basic LDD  BSP,Micron,\n
210353,NIDUMOLU KEERTHANA,F,keerthana.n@thundersoft.com,E6,24-01-2022,Active,9822561638,VAGEESWARI PANCHAGNULA   [0210151],SACHIN BHAYARE   [0210001],C - DS -OS  Basic LDD,Bench,\n
210354,KIRAN B S,M,kiran.bs@thundersoft.com,E6,24-01-2022,Suspension,9822561639,VAGEESWARI PANCHAGNULA   [0210151],SIDDALINGESH KOOSALAPUR   [0210194],C - DS -OS  Basic LDD,QC-HYD,\n
210355,KALLEPALLI KRISHNAVENI,F,krishnaveni.k@thundersoft.com,E6,24-01-2022,Active,9822561640,VAGEESWARI PANCHAGNULA   [0210151],SIVARAM KUPPA   [0210110],C - DS -OS  GIT ADB Python,QC-HYD,\n
210356,GUDIYA NAVEEN,M,naveen.gudiya@thundersoft.com,E6,24-01-2022,Active,9822561641,KARNATI NAGESWARA REDDY [0210171],VAGEESWARI PANCHAGNULA   [0210151],C - DS -OS  Basic LDD Audio Video,QC-HYD,\n
210357,R NIKHITHA,F,nikhitha.r@thundersoft.com,E6,24-01-2022,Termination,9822561642,VAGEESWARI PANCHAGNULA   [0210151],Ashok Phour  [0210309],C - DS -OS  Basic LDD  Audio,QC-HYD,\n
210358,SIDDOJU RAKESH,M,rakesh.siddoju@thundersoft.com,E6,24-01-2022,Active,9822561643,VAGEESWARI PANCHAGNULA   [0210151],SHANTHI SINDHU   [0210030],C - DS -OS  Basic LDD,QC-HYD,\n
210359,ROKITH R,M,rokith.r@thundersoft.com,E6,24-01-2022,Active,9822561644,KALYANI POLEPEDDY   [0210167],SACHIN BHAYARE   [0210001],C - DS -OS  Basic LDD  Audio,QC-HYD,\n
210360,HYLE SAI MOHAN,M,saimohan.hyle@thundersoft.com,E6,24-01-2022,Active,9822561645,VAGEESWARI PANCHAGNULA   [0210151],VIKAS REDDY   [0210022],C - DS -OS  Jenkins Pyth Perl B&I,Visteon Audio,\n
210361,KOMATIGUNTA SAI TEJA,M,saiteja.k@thundersoft.com,E6,24-01-2022,Suspension,9822561646,VAGEESWARI PANCHAGNULA   [0210151],KALYANI POLEPEDDY   [0210167],C - DS -OS  Basic LDD,QC-HYD,\n
210362,KAPLAI SANGEETH KUMAR,F,sangeeth.kaplai@thundersoft.com,E6,24-01-2022,Resignation,9822561647,VAGEESWARI PANCHAGNULA   [0210151],SIDDALINGESH KOOSALAPUR   [0210194],C - DS -OS  Basic LDD  BSP,Resigned,\n
210364,MULA SHRAVANI,F,shravani.mula@thundersoft.com,E6,24-01-2022,Active,9822561648,VAGEESWARI PANCHAGNULA   [0210151],SHANTHI SINDHU   [0210030],C - DS -OS  Basic LDD,Onboarded,\n
210365,KUPPADAPU VENKATA SNEHA,F,sneha.k@thundersoft.com,E6,24-01-2022,Active,9822561649,KALYANI POLEPEDDY   [0210167],SRIKANTH CHATRADIPALLI   [0210055],C - DS -OS  Basic LDD,Visteon Audio,\n
210366,SUDHAKAR S N,M,sudhakar.sn@thundersoft.com,E6,24-01-2022,Active,9822561650,SRIKANTH CHATRADIPALLI   [0210055],VIKAS REDDY   [0210022],C - DS -OS  GIT ADB Python,QC-HYD,\n
210367,SHAIK TAIBA BANU,F,taiba.banu@thundersoft.com,E6,24-01-2022,Termination,9822561651,SRIVALLI OGURI   [0210023],SACHIN BHAYARE   [0210001],C - DS -OS  ADB GIT Basic LDD,QC-HYD,\n
210368,YASHASWINI M,F,yashaswini.m@thundersoft.com,E6,24-01-2022,Active,9822561652,SRIKANTH CHATRADIPALLI   [0210055],SIDDALINGESH KOOSALAPUR   [0210194],C - DS -OS  GIT,QC-HYD,\n
210369,KOPPU YOGENDER,M,yogender.koppu@thundersoft.com,E6,24-01-2022,Active,9822561653,VAGEESWARI PANCHAGNULA   [0210151],Ashok Phour  [0210309],C - DS -OS  GIT,Mavenir,\n
210370,MOHD YOUSUF,M,yousuf.mohd@thundersoft.com,E6,24-01-2022,Active,9822561654,VAGEESWARI PANCHAGNULA   [0210151],VAGEESWARI PANCHAGNULA   [0210151],C - DS -OS  GIT,Visteon Audio,\n
210371,NARREDLA MANOJ KUMAR,M,manoj.n@thundersoft.com,E6,24-01-2022,Active,9822561655,SRIKANTH CHATRADIPALLI   [0210055],SHANTHI SINDHU   [0210030],C - DS -OS ADB GIT Basic LDD Audio,Micron,\n
210372,RAHUL POPAT SHIRSATH,M,rahul.popta@thundersoft.com,E6,24-01-2022,Active,9822561656,SRIKANTH CHATRADIPALLI   [0210055],SRIKANTH CHATRADIPALLI   [0210055],C - DS -OS  Basic LDD Audio Video,QC-HYD,\n
210373,ANUSHA J,F,anusha.j@thundersoft.com,E6,24-01-2022,Active,9822561657,VAGEESWARI PANCHAGNULA   [0210151],SIVARAM KUPPA   [0210110],C - DS -OS  Basic LDD  Audio,QC-HYD,\n
210374,BIRAJU MADHAVI,F,madhavi.biraju@thundersoft.com,E6,24-01-2022,Suspension,9822561658,VAGEESWARI PANCHAGNULA   [0210151],SACHIN BHAYARE   [0210001],C - DS -OS  Basic LDD,Team Change,\n
210375,G KUSUMA,F,kusuma.g@thundersoft.com,E6,27-01-2022,Active,9822561659,SRIKANTH CHATRADIPALLI   [0210055],KALYANI POLEPEDDY   [0210167],C - DS -OS  Basic LDD  Audio,Onboarded,\n
210378,ARJI GOPI,M,gopi.arji@thundersoft.com,E1,31-01-2022,Active,9822561660,SRIVALLI OGURI   [0210023],Ashok Phour  [0210309],C - DS -OS  Jenkins Pyth Perl B&I,QC-HYD,\n
210379,TANMAY KUMAR MISHRA,M,tanmay.mishra@thundersoft.com,E1 ,31-01-2022,Resignation,9822561661,SRIVALLI OGURI   [0210023],VAGEESWARI PANCHAGNULA   [0210151],C - DS -OS  Basic LDD,Resigned,\n
210382,Shubham Ananta Diwane,M,shubham.diwane@thundersoft.com,E6,03-02-2022,Active,9822561662,KALYANI POLEPEDDY   [0210167],Ashok Phour  [0210309],C - DS -OS  Basic LDD  BSP,QC-HYD,\n
210383,JAGADEVAN V,M,jagadevan.v@thundersoft.com,E5,07-02-2022,Suspension,9822561663,SIDDALINGESH KOOSALAPUR   [0210194],SRIKANTH CHATRADIPALLI   [0210055],C - DS -OS  Basic LDD,Visteon Audio,\n
210384,Janaki Ramaiah Thota,F,janakiramaiah.thota@thundersoft.com,E3,07-02-2022,Active,9822561664,CHINTALA YOUGHANDHAR   [0210189],SACHIN BHAYARE   [0210001],C - DS -OS  Basic LDD,Team Change,\n
210385,Vemuri Malathi,F,malathi.vemuri@thundersoft.com,E1,07-02-2022,Active,9822561665,SRIVALLI OGURI   [0210023],KALYANI POLEPEDDY   [0210167],C - DS -OS  GIT ADB Python,QC-HYD,\n
210386,SHUBHAM SINGH BAGHEL,M,shubham.baghel@thundersoft.com,E2,07-02-2022,Termination,9822561666,KALYANI POLEPEDDY   [0210167],SIDDALINGESH KOOSALAPUR   [0210194],C - DS -OS  Basic LDD Audio Video,QC-HYD,\n
210387,GAYATHRI TIRUVEEDULA,F,gayathri.t@thundersoft.com,E6,04-07-2022,Active,9822561667,SRIKANTH CHATRADIPALLI   [0210055],SIVARAM KUPPA   [0210110],C - DS -OS  Basic LDD  Audio,Onboarded,\n
210389,GORANTLA ADINARAYANA,M,adinarayana.g@thundersoft.com,E6,27-06-2022,Active,9822561668,DURYODANULA ANIL KUMAR   [0210088],Ashok Phour  [0210309],C - DS -OS  Basic LDD,Team Change,\n
210390,GANGIREDDY ABHISHEK REDDY,M,abhishek.g@thundersoft.com,E1,14-02-2022,Resignation,9822561669,SRIVALLI OGURI   [0210023],SRIKANTH CHATRADIPALLI   [0210055],C - DS -OS  Basic LDD  Audio,Resigned,\n
210391,Khizer Javeed Quazi,M,khizer.quazi@thundersoft.com,E1,14-02-2022,Active,9822561670,SRIVALLI OGURI   [0210023],SHANTHI SINDHU   [0210030],C - DS -OS  Jenkins Pyth Perl B&I,TEAM CHANGE,\n
210392,Kavya VB,F,kavya.vb@thundersoft.com,E6,14-02-2022,Active,9822561671,SRIKANTH CHATRADIPALLI   [0210055],ASISH RANJAN MUNI   [0210100],C - DS -OS  Basic LDD,QC-HYD,\n
210395,VANUKURU VENKATA SARADA RAJYA LAKSHMI,F,sarada.vanukuru@thundersoft.com,E6,04-07-2022,Active,9822561672,SRIKANTH CHATRADIPALLI   [0210055],SACHIN BHAYARE   [0210001],C - DS -OS  Basic LDD  BSP,QC-HYD,\n
210397,Pamu Kiranmayi,F,kiranmayi.p@thundersoft.com,E1,29-03-2022,Active,9822561673,Ravi Kumar Gupta  [0210289],SIDDALINGESH KOOSALAPUR   [0210194],C - DS -OS  Basic LDD,Bench-Resourses,\n
210398,NARISETTY HARINI,F,harini.narisetty@thundersoft.com,E6,04-07-2022,Active,9822561674,SRIKANTH CHATRADIPALLI   [0210055],SIDDALINGESH KOOSALAPUR   [0210194],C - DS -OS  Basic LDD,Bench-Resourses,\n
210399,KANAKA HARINI,F,kanaka.harini@thundersoft.com,E6,27-06-2022,Active,9822561675,DURYODANULA ANIL KUMAR   [0210088],SRIKANTH CHATRADIPALLI   [0210055],C - DS -OS  GIT ADB Python,Bench-Resourses,\n
210400,ABHAY YADAV,M,abhay.yadav@thundersoft.com,E2,17-02-2022,Active,9822561676,ASISH RANJAN MUNI   [0210100],VIKAS REDDY   [0210022],C - DS -OS  ADB GIT Basic LDD,Bench-Resourses,\n
210401,MAIBOOB ALI,M,maiboob.ali@thundersoft.com,E2,21-02-2022,Abscond,9822561677,SRIVALLI OGURI   [0210023],VAGEESWARI PANCHAGNULA   [0210151],C - DS -OS  GIT,Bench-Resourses,\n
210402,GAMPA VIDYALATHA,F,vidyalatha.gampa@thundersoft.com,E6,04-07-2022,Active,9822561678,SRIKANTH CHATRADIPALLI   [0210055],SHANTHI SINDHU   [0210030],C - DS -OS  GIT,Bench-Resourses,\n
210403,VISWANATH BOMA,M,viswanath.boma@thundersoft.com,E3,28-02-2022,Active,9822561679,SIVARAM KUPPA   [0210110],SACHIN BHAYARE   [0210001],C - DS -OS  GIT,Bench-Resourses,\n
210404,JALAKURI PALLAVI,F,pallavi.jalakuri@thundersoft.com,E1,28-02-2022,Abscond,9822561680,SRIKANTH CHATRADIPALLI   [0210055],SIVARAM KUPPA   [0210110],C - DS -OS ADB GIT Basic LDD Audio,Bench-Resourses,\n
210407,SHIKHA MISHRA,F,shikha.mishra@thundersoft.com,E2,03-03-2022,Resignation,9822561681,SIDDALINGESH KOOSALAPUR   [0210194],SACHIN BHAYARE   [0210001],C - DS -OS  Basic LDD Audio Video,Bench-Resourses,\n
210409,KOTIPALLI  PREMA KUMAR,F,prema.kumar@thundersoft.com,E2,07-03-2022,Active,9822561682,FARIDA M   [0210179],SIDDALINGESH KOOSALAPUR   [0210194],C - DS -OS  Basic LDD  Audio,Micron,\n
210410,HARIKRISHNA JENA,M,harikrishna.jena@thundersoft.com,E1,07-03-2022,Resignation,9822561683,MOHAMMAD JOHNY SHAIK   [0210197],KALYANI POLEPEDDY   [0210167],C - DS -OS  Basic LDD,QC-HYD,\n
210411,VIDYASAGAR PULYALA,M,vidyasagar.pulyala@thundersoft.com,E3,10-03-2022,Active,9822561684,VIJAY KRISHNA NIVARTHI   [0210212],SRIKANTH CHATRADIPALLI   [0210055],C - DS -OS  Basic LDD  Audio,Team Change,\n
210413,MAHAVIR SUBHASH MAHAJAN,M,mahavir.mahajan@thundersoft.com,E1,16-03-2022,Active,9822561685,SRIKANTH CHATRADIPALLI   [0210055],VAGEESWARI PANCHAGNULA   [0210151],C - DS -OS  Jenkins Pyth Perl B&I,Mavenir,\n
210414,M SOBANA,F,sobana.m@thundersoft.com,E5,21-03-2022,Resignation,9822561686,ANURADHA KORRAPATI   [0210002],ASISH RANJAN MUNI   [0210100],C - DS -OS  Basic LDD,Resigned,\n
210415,AKSHAYKUMAR HANJAGI,M,akshay.hanjagi@thundersoft.com,E1,21-03-2022,Active,9822561687,SRIKANTH CHATRADIPALLI   [0210055],SRIKANTH CHATRADIPALLI   [0210055],C - DS -OS  Basic LDD  BSP,QC-HYD,\n
210416,V SWATHI,F,swathi.v@thundersoft.com,E5,13-06-2022,Active,9822561688,ANURADHA KORRAPATI   [0210002],Ashok Phour  [0210309],C - DS -OS  Basic LDD,Micron,\n
210419,JATHIN SHETTY A,M,jas@thundersoft.com,E5,04-04-2022,Active,9822561689,VITTAL K INAMDAR   [0210429],SACHIN BHAYARE   [0210001],C - DS -OS  Basic LDD,QC-HYD,\n
210420,Pankaj Kumar Malviya,M,pankaj.malviya@thundersoft.com,E1,04-04-2022,Resignation,9822561690,SRIKANTH CHATRADIPALLI   [0210055],SRIKANTH CHATRADIPALLI   [0210055],C - DS -OS  GIT ADB Python,Resigned,\n
210422,SARVESH DHAR DWIVEDI,M,sarvesh.dwivedi@thundersoft.com,E2,08-04-2022,Resignation,9822561691,MOHAMMAD JOHNY SHAIK   [0210197],ASISH RANJAN MUNI   [0210100],C - DS -OS  Basic LDD Audio Video,Resigned,\n
210423,PRATIK MOHANTY,M,pratik.mohanty@thundersoft.com,E2,11-04-2022,Resignation,9822561692,SRIVALLI OGURI   [0210023],SACHIN BHAYARE   [0210001],C - DS -OS  Basic LDD  Audio,Resigned,\n
210424,SREEKANTH PENCHALA,M,sreekanth.penchala@thundersoft.com,E5,01-09-2022,Active,9822561693,JATHIN SHETTY A  [0210419],SACHIN BHAYARE   [0210001],C - DS -OS  Basic LDD,QC-HYD,\n
210426,SWETHA VASARI,F,swetha.vasari@thundersoft.com,E2,25-04-2022,Resignation,9822561694,SRIKANTH CHATRADIPALLI   [0210055],VAGEESWARI PANCHAGNULA   [0210151],C - DS -OS  Basic LDD  Audio,Resigned,\n
210427,PURIJALA SWARNA LATHA,F,swarna.purijala@thundersoft.com,E2,25-04-2022,Active,9822561695,FARIDA M   [0210179],KALYANI POLEPEDDY   [0210167],C - DS -OS  Jenkins Pyth Perl B&I,Visteon Audio,\n
210428,YASHAS B K,M,yashas.bk@thundersoft.com,E6,25-04-2022,Active,9822561696,NARESH JADHAV   [0210456],SRIKANTH CHATRADIPALLI   [0210055],C - DS -OS  Basic LDD,Mavenir,\n
210429,VITTAL K INAMDAR,M,vittal.inamdar@thundersoft.com,E5,01-08-2022,Active,9822561697,SUDHARANI PILLAI  [014121],KALYANI POLEPEDDY   [0210167],C - DS -OS  Basic LDD  BSP,Micron,\n
210430,SRILAKSHMI JAKKAM,F,srilakshmi.jakkam@thundersoft.com,E3,09-05-2022,Active,9822561698,AKELLA PRASANNA KUMAR [0210108],SACHIN BHAYARE   [0210001],C - DS -OS  Basic LDD,Bench,\n
210431,MEKALA RAMA MOHAN CHOWDARY,M,ramamohan.mekala@thundersoft.com,E1,11-05-2022,Active,9822561699,AKELLA PRASANNA KUMAR [0210108],SIDDALINGESH KOOSALAPUR   [0210194],C - DS -OS  Basic LDD,QC-HYD,\n
210432,ADEPU SHRAVAN KUMAR,M,shravan.adepu@thundersoft.com,E3,16-05-2022,Active,9822561700,KARNATI NAGESWARA REDDY [0210171],SIVARAM KUPPA   [0210110],C - DS -OS  GIT ADB Python,QC-HYD,\n
210433,SHAIK BASHID,M,bashid.shaik@thundersoft.com,E2,18-05-2022,Active,9822561701,ASISH RANJAN MUNI   [0210100],VAGEESWARI PANCHAGNULA   [0210151],C - DS -OS  ADB GIT Basic LDD,QC-HYD,\n
210434,TULIKA TANYA,F,tanya.tulika@thundersoft.com,E1,23-05-2022,Active,9822561702,SRIKANTH CHATRADIPALLI   [0210055],Ashok Phour  [0210309],C - DS -OS  GIT,QC-HYD,\n
210435,Chethan Kumar T S,M,chethan.kumar@thundersoft.com,E5,06-06-2022,Active,9822561703,ANKUR TYAGI   [0210184],SHANTHI SINDHU   [0210030],C - DS -OS  GIT,QC-HYD,\n
210437,MATTA SESHU KUMAR,M,seshu.matta@thundersoft.com,E6,20-06-2022,Active,9822561704,VAGEESWARI PANCHAGNULA   [0210151],SACHIN BHAYARE   [0210001],C - DS -OS  GIT,QC-HYD,\n
210438,MIRZA ANSAR BAIG,M,mirza.ansar@thundersoft.com,E6,20-06-2022,Active,9822561705,VAGEESWARI PANCHAGNULA   [0210151],VIKAS REDDY   [0210022],C - DS -OS ADB GIT Basic LDD Audio,Visteon Audio,\n
210439,V VANI,F,vani.v@thundersoft.com,E6,22-06-2022,Active,9822561706,SRIKANTH CHATRADIPALLI   [0210055],KALYANI POLEPEDDY   [0210167],C - DS -OS  Basic LDD Audio Video,QC-HYD,\n
210440,KAMMELA THEJESWI,F,thejeswi.kammela@thundersoft.com,E6,28-06-2022,Active,9822561707,SRIKANTH CHATRADIPALLI   [0210055],SIDDALINGESH KOOSALAPUR   [0210194],C - DS -OS  Basic LDD  Audio,Mavenir,\n
210441,MUNESHA G,M,munesha.g@thundersoft.com,E1,01-07-2022,Active,9822561708,SUDHARANI PILLAI  [014121],SHANTHI SINDHU   [0210030],C - DS -OS  Basic LDD,Onboarded,\n
210442,AMARJEET SINGH,M,amarjeet.singh@thundersoft.com,E2,04-07-2022,Active,9822561709,ASISH RANJAN MUNI   [0210100],SRIKANTH CHATRADIPALLI   [0210055],C - DS -OS  Basic LDD  Audio,Visteon Audio,\n
210443,RAHUL AJMERIYA,M,rahul.ajmeriya@thundersoft.com,E2,04-07-2022,Active,9822561710,VISWANATH BOMA  [0210403],VIKAS REDDY   [0210022],C - DS -OS ADB GIT Basic LDD Audio,QC-HYD,\n
210444,ALAVALAPATI CHANDANA,F,chandana.alavalapati@thundersoft.com,E6,04-07-2022,Termination,9822561711,VAGEESWARI PANCHAGNULA   [0210151],SACHIN BHAYARE   [0210001],C - DS -OS  Basic LDD Audio Video,QC-HYD,\n
210446,SHAIK HASEENA BHANU,F,haseena.bhanu@thundersoft.com,E2,07-07-2022,Active,9822561712,CHINTALA YOUGHANDHAR   [0210189],SIDDALINGESH KOOSALAPUR   [0210194],C - DS -OS  Basic LDD  Audio,QC-HYD,\n
210448,VENKATANAGARI SONY,F,sony.v@thundersoft.com,E2,11-07-2022,Active,9822561713,SRIKANTH CHATRADIPALLI   [0210055],Ashok Phour  [0210309],C - DS -OS  Basic LDD,Mavenir,\n
210449,AMIT KUMAR,M,amit.kumar@thundersoft.com,E1,11-07-2022,Active,9822561714,ASISH RANJAN MUNI   [0210100],VAGEESWARI PANCHAGNULA   [0210151],C - DS -OS  Basic LDD  Audio,Visteon Audio,\n
210450,RAHUL TRIPATHI,M,rahul.tripathi@thundersoft.com,E2,11-07-2022,Active,9822561715,SRIVALLI OGURI   [0210023],SHANTHI SINDHU   [0210030],C - DS -OS  Jenkins Pyth Perl B&I,Micron,\n
210451,Zahir Shabbir Khan,M,zahir.khan@thundersoft.com,E3,18-07-2022,Active,9822561716,SIVARAM KUPPA   [0210110],SRIKANTH CHATRADIPALLI   [0210055],C - DS -OS  Basic LDD,QC-HYD,\n
210452,Buddanagoudugari Prakash,M,prakash.b@thundersoft.com,E3,18-07-2022,Active,9822561717,Ashok Phour  [0210309],SIVARAM KUPPA   [0210110],C - DS -OS  Basic LDD  BSP,QC-HYD,\n
210453,TOBIN K TOMY,M,tobin.tomy@thundersoft.com,E3 ,18-07-2022,Active,9822561718,SIDDALINGESH KOOSALAPUR   [0210194],SACHIN BHAYARE   [0210001],C - DS -OS  Basic LDD,Team Change,\n
210454,J LOKESHWAR,M,lokeshwar.j@thundersoft.com,E6,18-07-2022,Active,9822561719,VAGEESWARI PANCHAGNULA   [0210151],KALYANI POLEPEDDY   [0210167],C - DS -OS  Basic LDD,Onboarded,\n
210455,NIKHIL ATTELLI,M,nikhil.attelli@thundersoft.com,E3 ,25-07-2022,Active,9822561720,VIJAY KRISHNA NIVARTHI   [0210212],Ashok Phour  [0210309],C - DS -OS  GIT ADB Python,QC-HYD,\n
210456,NARESH JADHAV,M,naresh.jadhav@thundersoft.com,E3,26-07-2022,Active,9822561721,VITTAL K INAMDAR   [0210429],VAGEESWARI PANCHAGNULA   [0210151],C - DS -OS  GIT ADB Basic LDD Camera,Mavenir,\n
210457,VEMULAPUDI SAI SANDEEP,M,sai.sandeep@thundersoft.com,E1 ,28-07-2022,Active,9822561722,SRIVALLI OGURI   [0210023],Ashok Phour  [0210309],C - DS -OS  GIT ADB ARM-Basics,QC-HYD,\n
210458,ANURADHA LELLA,F,lella.anuradha@thundersoft.com,E3,01-08-2022,Active,9822561723,SACHIN BHAYARE   [0210001],SRIKANTH CHATRADIPALLI   [0210055],C - DS -OS  Basic LDD,Visteon Audio,\n
210459,AVVINAASH MOHAN,M,avvinaash.mohan@thundersoft.com,E5,01-08-2022,Active,9822561724,SUDHARANI PILLAI  [014121],SACHIN BHAYARE   [0210001],C - DS -OS  GIT ADB Python,Team Change,\n
210460,SANTHOSH KUMAR M,M,santhosh.m@thundersoft.com,E1 ,01-08-2022,Active,9822561725,SIVARAM KUPPA   [0210110],KALYANI POLEPEDDY   [0210167],C - DS -OS  GIT ADB Basic LDD Camera,QC-HYD,\n
210461,VIJAY BALAKULA,M,vijay.balakula@thundersoft.com,E6,01-08-2022,Active,9822561726,SRIVALLI OGURI   [0210023],SIDDALINGESH KOOSALAPUR   [0210194],C - DS -OS  GIT ADB ARM-Basics,QC-HYD,\n
210462,ARJA SANDHYA,F,sandhya.arja@thundersoft.com,E6,01-08-2022,Active,9822561727,SRIVALLI OGURI   [0210023],SIVARAM KUPPA   [0210110],C - DS -OS ADB GIT Basic LDD Audio,Onboarded,\n
210463,B PURENDER REDDY,M,purender.reddy@thundersoft.com,E2,03-08-2022,Active,9822561728,ASISH RANJAN MUNI   [0210100],Ashok Phour  [0210309],C - DS -OS  Basic LDD,Team Change,\n
210465,CHANDAKA HEMALATHA,F,hemalatha.chandaka@thundersoft.com,E6,08-08-2022,Active,9822561729,VAGEESWARI PANCHAGNULA   [0210151],SRIKANTH CHATRADIPALLI   [0210055],C - DS -OS  Basic LDD  BSP,QC-HYD,\n
210466,EMMADI PRIYANKA,F,priyanka.emmadi@thundersoft.com,E6,08-08-2022,Active,9822561730,VAGEESWARI PANCHAGNULA   [0210151],SHANTHI SINDHU   [0210030],C - DS -OS  Basic LDD,TEAM CHANGE,\n
210467,Polimera Sailaja,M,sailaja.polimera@thundersoft.com,E6,08-08-2022,Active,9822561731,VAGEESWARI PANCHAGNULA   [0210151],ASISH RANJAN MUNI   [0210100],C - DS -OS  Basic LDD,QC-HYD,\n
210468,SATHI RAGHU SANKAR REDDY,M,raghu.sankar@thundersoft.com,E6,08-08-2022,Active,9822561732,VAGEESWARI PANCHAGNULA   [0210151],SACHIN BHAYARE   [0210001],C - DS -OS  GIT ADB Python,QC-HYD,\n
210469,NUTHALAPATI SIRI CHANDANA,F,chandana.siri@thundersoft.com,E1 ,10-08-2022,Active,9822561733,MONIKA ALEKHYA BOMMISETTI   [0210149],SIDDALINGESH KOOSALAPUR   [0210194],C - DS -OS  GIT ADB Basic LDD Camera,Bench,\n
210470,GIRISH KUMAR K,M,girish.kumar@thundersoft.com,E1 ,11-08-2022,Active,9822561734,KARNATI NAGESWARA REDDY [0210171],SIDDALINGESH KOOSALAPUR   [0210194],C - DS -OS  GIT ADB ARM-Basics,Visteon Audio,\n
210471,Bathini Amesh Kumar Reddy,M,amesh.reddy@thundersoft.com,E2,16-08-2022,Active,9822561735,CHINTALA YOUGHANDHAR   [0210189],SRIKANTH CHATRADIPALLI   [0210055],C - DS -OS  Basic LDD,Bench,\n
210472,NAREDLA SAI,M,sai.naredla@thundersoft.com,E1,16-08-2022,Active,9822561736,ASISH RANJAN MUNI   [0210100],VIKAS REDDY   [0210022],C - DS -OS  GIT ADB Python,QC-HYD,\n
210473,Affan Shariff,M,affan.shariff@thundersoft.com,E6,16-08-2022,Active,9822561737,VAGEESWARI PANCHAGNULA   [0210151],VAGEESWARI PANCHAGNULA   [0210151],C - DS -OS  GIT ADB Basic LDD Camera,Bench,\n
210474,Basudev Achary Konderpu,M,basudev.k@thundersoft.com,E5,18-08-2022,Active,9822561738,SUDHARANI PILLAI  [014121],SHANTHI SINDHU   [0210030],C - DS -OS  GIT ADB ARM-Basics,Micron,\n
210475,PASALA BALAJI,M,balaji.pasala@thundersoft.com,E3,22-08-2022,Active,9822561739,TELLAPATI REDDAIAH   [0210154],SACHIN BHAYARE   [0210001],C - DS -OS ADB GIT Basic LDD Audio,Visteon Audio,\n
210476,PILLA VENKATA TANUSHA,F,tanusha.pilla@thundersoft.com,E2,22-08-2022,Resignation,9822561740,SRIVALLI OGURI   [0210023],SIVARAM KUPPA   [0210110],C - DS -OS  Basic LDD Audio Video,Resigned,\n
210477,CHAPPITI KIRAN KUMAR,F,kiran.chappiti@thundersoft.com,E6,22-08-2022,Active,9822561741,VAGEESWARI PANCHAGNULA   [0210151],SACHIN BHAYARE   [0210001],C - DS -OS  Basic LDD  Audio,Mavenir,\n
210478,Dandala Sai Sandeep Reddy,M,sandeep.dandala@thundersoft.com,E3 ,29-08-2022,Active,9822561742,SIVARAM KUPPA   [0210110],SIDDALINGESH KOOSALAPUR   [0210194],C - DS -OS  Basic LDD,Micron,\n
210479,G BHARATH YADAV,M,bharath.yadav@thundersoft.com,E5,29-08-2022,Active,9822561743,JATHIN SHETTY A  [0210419],KALYANI POLEPEDDY   [0210167],C - DS -OS  Basic LDD  Audio,QC-HYD,\n
210480,GAYATHRI A D,F,gayathri.ad@thundersoft.com,E5,29-08-2022,Active,9822561744,JATHIN SHETTY A  [0210419],SRIKANTH CHATRADIPALLI   [0210055],C - DS -OS  Jenkins Pyth Perl B&I,Team Change,\n
210481,Lakshmidurga Putchakayala,F,lakshmidurga.p@thundersoft.com,E5,29-08-2022,Active,9822561745,JATHIN SHETTY A  [0210419],VAGEESWARI PANCHAGNULA   [0210151],C - DS -OS  Basic LDD,Mavenir,\n
210486,Manoj Kumar,M,manoj.kumar@thundersoft.com,E1,05-09-2022,Active,9822561746,ANKUR TYAGI   [0210184],ASISH RANJAN MUNI   [0210100],C - DS -OS  Basic LDD  BSP,QC-HYD,\n
210487,TARUN CHEVULA,M,tarun.chevula@thundersoft.com,E2,05-09-2022,Active,9822561747,SRIVALLI OGURI   [0210023],SRIKANTH CHATRADIPALLI   [0210055],C - DS -OS  Basic LDD,QC-HYD,\n
210491,SHEKHAR R,M,shekhar.r@thundersoft.com,E4,12-09-2022,Active,9822561748,SUDHARANI PILLAI  [014121],Ashok Phour  [0210309],C - DS -OS  Basic LDD,Micron,\n
210492,Rajkumar Raghupathy,M,rajkumar.raghupathy@thundersoft.com,E3 ,19-09-2022,Active,9822561749,SACHIN BHAYARE   [0210001],SACHIN BHAYARE   [0210001],C - DS -OS  GIT ADB Python,QC-HYD,\n
210493,Ashish Annaso Patil,M,ashish.patil@thundersoft.com,E2,19-09-2022,Active,9822561750,MOHAMMAD JOHNY SHAIK   [0210197],SRIKANTH CHATRADIPALLI   [0210055],C - DS -OS  GIT ADB Basic LDD Camera,Visteon Audio,\n
210494,Hrithik jain,M,hrithik.jain@thundersoft.com,E6,19-09-2022,Active,9822561751,KALYANI POLEPEDDY   [0210167],VAGEESWARI PANCHAGNULA   [0210151],C - DS -OS  GIT ADB ARM-Basics,Bench-Resourses,\n
210495,KENCHUGUNDU NIKHIL,M,nikhil.k@thundersoft.com,E6,19-09-2022,Active,9822561752,KALYANI POLEPEDDY   [0210167],VAGEESWARI PANCHAGNULA   [0210151],C - DS -OS  Basic LDD,Bench-Resourses,\n
210496,Dinesh A,M,dinesh.a@thundersoft.com,E6,19-09-2022,Active,9822561753,KALYANI POLEPEDDY   [0210167],VAGEESWARI PANCHAGNULA   [0210151],C - DS -OS  GIT ADB Python,Bench-Resourses,\n
210497,Dhonthula Pavan kumar,M,pavan.d@thundersoft.com,E6,19-09-2022,Active,9822561754,KALYANI POLEPEDDY   [0210167],VAGEESWARI PANCHAGNULA   [0210151],C - DS -OS  GIT ADB Basic LDD Camera,Bench-Resourses,\n
210498,Aishwarya Chandrakant Deshmane,F,aishwarya.d@thundersoft.com,E6,19-09-2022,Active,9822561755,KALYANI POLEPEDDY   [0210167],VAGEESWARI PANCHAGNULA   [0210151],C - DS -OS  GIT ADB ARM-Basics,Bench-Resourses,\n
210499,Vishal Narayan Wagh,M,vishal.wagh@thundersoft.com,E6,19-09-2022,Active,9822561756,KALYANI POLEPEDDY   [0210167],VAGEESWARI PANCHAGNULA   [0210151],C - DS -OS ADB GIT Basic LDD Audio,Bench-Resourses,\n
210500,Priyanka Vutkur,F,priyanka.vutkur@thundersoft.com,E6,19-09-2022,Active,9822561757,PASALA BALAJI   [0210475],SIDDALINGESH KOOSALAPUR   [0210194],C - DS -OS  Basic LDD Audio Video,Bench-Resourses,\n
210506,Karri Pradeep Kumar,M,pradeep.karri@thundersoft.com,E6,26-09-2022,Active,9822561758,SRIVALLI OGURI   [0210023],SIDDALINGESH KOOSALAPUR   [0210194],C - DS -OS  Basic LDD  Audio,Bench-Resourses,\n
